restaurant_display,city,am_name,am_email
Komplet obrok,Niš,,
McDonald's Medijana,Niš,,
Goldy's  Giros,Niš,,
Press Burger Bar,Niš,,
NN Chicken,Niš,,
Gyros 4U,Niš,,
Smash House,Niš,,
Red Wings Niš,Niš,,
Kod Lafa,Niš,,
Guda iz huda,Niš,,
Bad Boys,Niš,,
Vila Dobrila Fast Food,Niš,,
La Strega,Niš,,
Pile Mamino,Niš,,
Pizza Big G,Niš,,
Tron Delivery,Niš,,
Libranis - modern food,Niš,,
Uncle G,Niš,,
Kafana Libra,Niš,,
Geppetto Pizzeria,Niš,,
XO Pizza,Niš,,
Benvenuto_tecakuva,Niš,,
KFC Delta Planet,Niš,,
Frida Gyros,Niš,,
Mescom,Niš,,
Caribic pizza Niš,Niš,,
Pica kod Čarapana,Niš,,
Cezar Trg Kralja Milana,Niš,,
LAGUNA CAFFE-BAR ,Niš,,
Chicken & Burger Bar,Niš,,
Kluzzo,Niš,,
Palačinkiss,Niš,,
Tanaka B1stro,Niš,,
The Risotto bar - pasta & risotto,Niš,,
Pod Sač,Niš,,
Stambolija,Niš,,
Twins Pizza,Niš,,
Trpeza Voždova,Niš,,
Dominus,Niš,,
NOTO Gastrobar by Food Box,Niš,,
Magacin Burger Bar,Niš,,
Pastara,Niš,,
Tečini obroci,Niš,,
Walter Delta Planet Niš,Niš,,
Shish House,Niš,,
Manos Food - Crepes and more,Niš,,
Zlatni Zmaj,Niš,,
Salad Bar - Fitness Factory,Niš,,
"Pampour ""Not an ordinary pizza""",Niš,,
La casa del Burrito,Niš,,
Less Mess Burger,Niš,,
Sač Majstor,Niš,,
Magazin,Niš,,
Aj ti smotam,Niš,,
Wafull Alien,Niš,,
KNAPP!,Niš,,
Viljuškica,Niš,,
Pleasure Čair,Niš,,
АГАПI,Niš,,
Niški Roštilj,Niš,,
CHAÍRSKI SUPPERFOOD,Niš,,
Big Mama Grill,Niš,,
Mali Vikend Kod Stevanovića,Niš,,
Krilca i pivce,Niš,,
Kafeterija Niš,Niš,,
Crazy Chicken,Niš,,
Picerija Azzurri,Niš,,
Tutto Passa,Niš,,
Bibac,Niš,,
Prima Donna Nuovo,Niš,,
Gyradiko Gyros,Niš,,
SoulFood Boutique by Gaga,Niš,,
Pizza Don Niš,Niš,,
MaPlatz,Niš,,
Taverna by Gyros Box,Niš,,
Kafana Porta Crveni Pevac,Niš,,
Sklonište Pub,Niš,,
Dušanov konak grill Trošarina,Niš,,
Restoran Gusar,Niš,,
Kuća Marinog Meraka,Niš,,
Mixer Urban Food,Niš,,
Koi Sushi,Niš,,
Kafana Meze,Niš,,
Chicken Mafia,Niš,,
Thai by Thai,Niš,,
Dr. Food,Niš,,
Pizza Petica,Niš,,
Kod Šarca,Niš,,
Pastel Dreams,Niš,,
Roštilj Royal Food,Niš,,
Roštilj kod Djuke,Niš,,
Lotos Cafe & Poslastičara,Niš,,
Pastini Pasta Fresca,Niš,,
Gyros Bar,Niš,,
WENZHOU,Niš,,
Restoran Trpeza,Niš,,
Pozornica,Niš,,
Maša Bistro Bar,Niš,,
Brza Hrana Izvor,Niš,,
The Grillfather,Niš,,
Bosiljak Niš,Niš,,
Ragazzi Pizzeria,Niš,,
CAFEA,Niš,,
Pelivan Marger,Niš,,
Bombay,Niš,,
Index 018 Niš,Niš,,
Naše Mesto plus M&N,Niš,,
Macaroni Toulliani Pasta,Niš,,
Nirdala,Niš,,
Matinee Pub,Niš,,
Dagi plus - Knjaževačka,Niš,,
Može Duplo,Niš,,
Komitet Taproom,Niš,,
Domaćin Knjaževačka 21,Niš,,
3M Food Bulevar,Niš,,
Creamy clouds Pancake bar,Niš,,
Sač na uglu,Niš,,
Ohana,Niš,,
Ručkaj kod Zozi,Niš,,
Etno Restoran Čardak,Niš,,
Dva Jarana,Niš,,
Full food - Maki,Niš,,
Klub Ypsilon,Niš,,
Kafana Kabak,Niš,,
Roštiljko,Niš,,
Restoran Izvor,Niš,,
Omega Roštilj,Niš,,
Jake Priče,Niš,,
Imperator,Niš,,
Beer Point,Niš,,
Nišgrill 018,Niš,,
Roštilj kod Majče,Niš,,
Fish House Niš,Niš,,
Dušanov Konak Etno,Niš,,
Buy&Bye,Niš,,
Un Piccolo Sorriso,Niš,,
Mojo Nutri Bar,Niš,,
Sapori di Pasta,Niš,,
Ečka Fish Market,Niš,,
Restoran Orač,Niš,,
Mondo Bite,Niš,,
VIALE Tortilla & Pizza Bar,Niš,,
Distrikt Kafe,Niš,,
Pečenjara Family,Niš,,
AGAPA,Niš,,
Kafana Naša Kuća,Niš,,
Burger na ćumur,Niš,,
Verige,Niš,,
MJOY,Niš,,
Orada fresh food,Niš,,
Mali Laf,Niš,,
Cuci,Niš,,
Michel by Lenka catering,Niš,,
AB - Komplet obroci i sendviči,Niš,,
Nišlijče,Niš,,
Restoran Nikolić,Niš,,
Beermingham,Niš,,
Barbollini,Niš,,
Mir Mir,Niš,,
Bio poslastice,Niš,,
Šandu,Niš,,
Dužd,Niš,,
Pizza kod Dušana,Niš,,
Predah Caffe,Niš,,
DiAle,Niš,,
Sale Amfora,Niš,,
Señorita Pizza i Pita,Niš,,
Timeout Niš,Niš,,
President lux,Niš,,
La Vie Caffe & Restaurant,Niš,,
Kafana Zvrk,Niš,,
Ministarstvo Beer Bar,Niš,,
Pampour Brunch,Niš,,
Tasty Snack Plus,Niš,,
Dagi Plus,Niš,,
Papa Lui,Niš,,
Yaka Kafa,Niš,,
Katunac,Niš,,
Casual Food,Niš,,
Boutique Niš,Niš,,
Sweet Corner,Niš,,
Fast Food Pause,Niš,,
Deponija,Niš,,
Shveko 2,Niš,,
Naše Mesto,Niš,,
Coffee Box Niš,Niš,,
Mare 018,Niš,,
Kašika,Niš,,
Chester Pub,Niš,,
Nacionalna Klasa,Niš,,
Zlatković roštilj,Niš,,
Alfa Vuk,Niš,,
Crumb,Niš,,
Brza hrana kod Picana,Niš,,
Avala,Niš,,
Shveko,Niš,,
Kod Mariju Bre,Niš,,
Restoran Stambolijski,Niš,,
Forza Trio,Niš,,
Haos zalogaj,Niš,,
Caffe restaurant Helm,Niš,,
Naš Tanjir,Niš,,
Riblja Konoba,Niš,,
Čor-bar-a,Niš,,
Uno Caffe & Pizzeria,Niš,,
Gastro Box,Niš,,
Orca Dish and Fish,Niš,,
Anker,Niš,,
Insomnia,Niš,,
Grand Kafana,Niš,,
Bruka,Niš,,
Herc,Niš,,
Brza Hrana Saki,Niš,,
KANGOO FIT,Niš,,
Majestic House,Niš,,
Petica SM,Niš,,
Hotel Aloha,Niš,,
Plato,Niš,,
Domaće palačinke Niš,Niš,,
Kafedžija,Niš,,
Cezar Kazandžijsko,Niš,,
Tron 2,Niš,,
Cezar Voždova,Niš,,
NN Chicken 2,Niš,,
Cezar Park,Niš,,
McDonald's Delta Planet,Niš,,
Obroci i fit menu - The Risotto bar,Niš,,
Walter Tempo Plus Niš,Niš,,
Domaćin Gornjomatevačka,Niš,,
Domaćin Sremska,Niš,,
Domaćin Roštilj,Niš,,
Kod Stevanovića Vrežina,Niš,,
Restoran Milin Izvor,Niš,,
Shanghai,Niš,,
Crispies,Niš,,
New Delhi Indijski Restoran,Niš,,
Salad bar - Energy Factory,Niš,,
Gyros Fani,Niš,,
Komuna Gastro Bar,Niš,,
Klopa na Dlanu,Niš,,
Ćevapko A&M Pijaca,Niš,,
"Brza hrana ""Kod Vuka""",Niš,,
Pizzeria Čarolija,Niš,,
Gagina domaća kuhinja,Niš,,
Tron,Niš,,
Chickenero,Beograd,,
Napoli,Beograd,,
P & P - Palačinke i pljeskavice SD,Beograd,,
McDonald's Slavija,Beograd,,
Madness Zvezdara,Beograd,,
Pizza na drva kod Mašinca Kraljice Marije,Beograd,,
Favola kuvana jela Novi Beograd SD,Beograd,,
KFC Gagarina DT,Beograd,,
Obrni Okreni SD,Beograd,,
Favola Grill NBG SD,Beograd,,
Saint BW,Beograd,,
Burrito Madre Terazije,Beograd,,
Burger House Bros. Stari Grad,Beograd,,
Intergalactic Diner Stari Grad,Beograd,,
Smash Burgers,Beograd,,
Sir Waffle,Beograd,,
Collina SMASH Burgers Novi Beograd,Beograd,,
Maboo Giros i Sendvici,Beograd,,
Go Sushi Stari Grad,Beograd,,
Pizzeria 42nd street,Beograd,,
Giuliano Creperie,Beograd,,
SushiWave,Beograd,,
Krusty Vračar,Beograd,,
Wok republic | Dorćol,Beograd,,
Viva La Pasta,Beograd,,
Amigos Chicken Wings NBG,Beograd,,
Yalla Yalla,Beograd,,
BigPizza NBG +,Beograd,,
Domaće palačinke Grande,Beograd,,
Nikos Kostatopoulos Greek Gyros,Beograd,,
Pile & Prase,Beograd,,
Ćevap kod Dekija,Beograd,,
Stepin Vajat Tošin Bunar,Beograd,,
Angry Monk,Beograd,,
Ušara Bulevar,Beograd,,
Lele - Lele Leskovacki rostilj,Beograd,,
Grill 51,Beograd,,
Kod Badže,Beograd,,
Restoran Kultura,Beograd,,
Bologna Pasta House,Beograd,,
K24,Beograd,,
Mr. Ma's Fried Noodles,Beograd,,
Pizza Plus NBG,Beograd,,
Haos food,Beograd,,
Fat Cat Sushi,Beograd,,
Grill Kebab,Beograd,,
Good Food Bogoslovija,Beograd,,
Kafeterija  Magazin 1907,Beograd,,
Posne domaće palačinke,Beograd,,
Caesar Pizzeria,Beograd,,
Baltazar Vračar,Beograd,,
Pobednik roštilj,Beograd,,
Walter Stari Grad,Beograd,,
Pileća Braća,Beograd,,
Pizzeria Trg,Beograd,,
Super Snack Bar 1,Beograd,,
Pizza Station Knez,Beograd,,
Peony Art Restaurant,Beograd,,
Hot Good,Beograd,,
Studio Shawarma BG,Beograd,,
Pastel De Nata Vračar,Beograd,,
Jakitorija Sushi ,Beograd,,
HAPPY Chinese Food,Beograd,,
Sushirrito Belgrade Waterfront,Beograd,,
Flash palačinke,Beograd,,
Teremok,Beograd,,
Aj 'vamo,Beograd,,
Mama Sara,Beograd,,
Duff Ustanička,Beograd,,
Sushi Boks Savska,Beograd,,
Pizzeria Veliki Šef,Beograd,,
Food engine,Beograd,,
Ela giros & pizza market,Beograd,,
Ćevabdžinica Vučko,Beograd,,
Big Daddy Smash Burgers,Beograd,,
BEGE Street Style Sandwich,Beograd,,
Chorbice,Beograd,,
Grizli,Beograd,,
Capone,Beograd,,
Zendwich,Beograd,,
Blanca,Beograd,,
BÉBÉ palačinkarnica,Beograd,,
TANG Beef Noodles,Beograd,,
PIROŠKE Babltic Zemun,Beograd,,
Đan,Beograd,,
Bob & Son's Pancakes,Beograd,,
Taze Toplo,Beograd,,
Pizza Pizza,Beograd,,
Gyropolis,Beograd,,
Starbucks Obilićev venac,Beograd,,
Good Dumplings (Brankov),Beograd,,
Šaurmović,Beograd,,
Mamine Palačinke Centar,Beograd,,
Jackson Pub,Beograd,,
Vertel Shawarma,Beograd,,
Stories,Beograd,,
Carski Poh Stari Grad,Beograd,,
Republika Grill,Beograd,,
Kofilin Carice Milice,Beograd,,
Restoran Pet Stabala,Beograd,,
Domaće palačinke kod dve Bake,Beograd,,
Red House kineski Restoran,Beograd,,
Curry Souls,Beograd,,
Zlatiborska Fantazija,Beograd,,
Senica Coffee Drinks & Food,Beograd,,
Sofi Palačinke,Beograd,,
Mono Coffee,Beograd,,
King Tut,Beograd,,
Cookie Beacon Brunch,Beograd,,
Sač  Dorćol,Beograd,,
Palačinke BG,Beograd,,
Pizzeria Al Pacino,Beograd,,
Chaplin Pizzeria,Beograd,,
Big Wok,Beograd,,
Urban Ramen ,Beograd,,
W Thai Restaurant Chinese food - Kineska hrana,Beograd,,
Bistro Duška,Beograd,,
Cvetić,Beograd,,
Sweet & Green,Beograd,,
Hungry Ridiculous Bear | Šaurma/Šawarma/Шаверма i dezerti,Beograd,,
Pizzeria Di Karpuzzi,Beograd,,
Uštipak bar,Beograd,,
The Risotto bar - risotto & pasta,Beograd,,
Red Queen Street Food,Beograd,,
Pizzagram George,Beograd,,
Chicken & Gyros Box,Beograd,,
Da Noodles,Beograd,,
Tortilla Casa Centar,Beograd,,
Milutin,Beograd,,
Leskovačke čarolije,Beograd,,
Vraperija,Beograd,,
Anadolija,Beograd,,
Johnny's Burger,Beograd,,
June Cafe,Beograd,,
Denada,Beograd,,
Šauarma bar,Beograd,,
Taš Lavash,Beograd,,
KEZEL KUHINJA,Beograd,,
Bulk Bar,Beograd,,
Restoran Istok,Beograd,,
MoSarpi Beograd,Beograd,,
OSH PLOV,Beograd,,
Bosiljak Dimitrijala,Beograd,,
Burgeri by Veliki Šef,Beograd,,
Flora Silosi,Beograd,,
Mi Hleb,Beograd,,
ČINKICA,Beograd,,
Wok District by TRANSFORMART,Beograd,,
Flamingo Domaće Palačinke,Beograd,,
Shawarma Hanan Jerusalim,Beograd,,
Birds,Beograd,,
Milky Dorćol,Beograd,,
BODY BAR,Beograd,,
Urnebes Rostilj,Beograd,,
Sarajevski ćevap,Beograd,,
Sheikh Palace,Beograd,,
Metal Bar,Beograd,,
Chick 'n Bun Dorćol,Beograd,,
Pablo & Brigitte,Beograd,,
Kod Đoleta – Hrskava piletina & ćevapi,Beograd,,
Gluten No,Beograd,,
FORMA | VRAČAR,Beograd,,
Probnik,Beograd,,
Space Burger,Beograd,,
Street Food Brix&Buns ,Beograd,,
Beast Bite Vračar,Beograd,,
Žar Mance Fast food,Beograd,,
Bart Fast Food,Beograd,,
doooong,Beograd,,
Gastroport Grill,Beograd,,
Red Lantern Asia food,Beograd,,
Bubble Tea Blvck Sugar,Beograd,,
San Panino,Beograd,,
Fat Fox,Beograd,,
MS Koliba,Beograd,,
Panilulac,Beograd,,
Vruć Sendvič,Beograd,,
Rodeo Grill Hangar,Beograd,,
Yume Sushi bar,Beograd,,
Zdravi Obroci Yummy,Beograd,,
Restoran Nautilus,Beograd,,
Protein & Coffee Bar Grab & GO,Beograd,,
Flat Burger,Beograd,,
Kod Galine,Beograd,,
Botako,Beograd,,
Seasons by Stories,Beograd,,
Dobar Dabar,Beograd,,
Best breakfast,Beograd,,
Mali Bar,Beograd,,
Pasta Al' Domaća,Beograd,,
Lonče,Beograd,,
Mister Food,Beograd,,
Restoran Destino,Beograd,,
Pečenjara Mrčajevci,Beograd,,
Sushi Xo Stari Grad,Beograd,,
Soul Vide,Beograd,,
Riba riba,Beograd,,
Grill Ranković Slavija,Beograd,,
Sloj Bistro BW,Beograd,,
Restoran Žar,Beograd,,
Fat Boys,Beograd,,
AMA COFFEE,Beograd,,
Fit & Sweet by Fit Bar,Beograd,,
Basic Coffee & Breakfast,Beograd,,
Nacionalni Restoran Kod Sape,Beograd,,
Roštilj Pobednik,Beograd,,
Paninoteca,Beograd,,
Schmizza Krilca,Beograd,,
Pizzeria Dobri Momci,Beograd,,
Mala Moskva,Beograd,,
IKE 1997,Beograd,,
Pasta 2x2 BG,Beograd,,
Porto Maltese Terazije,Beograd,,
Pizza Place,Beograd,,
Tiganj Palačinke,Beograd,,
TANGORA RESTAURANT,Beograd,,
Pizzopevac,Beograd,,
BOM BEOGRAD,Beograd,,
Aloha BG,Beograd,,
Del Nonno,Beograd,,
Mucho Mas,Beograd,,
Diskont,Beograd,,
Shavarma patrol,Beograd,,
Šuma Salad,Beograd,,
Šišarka 011 ,Beograd,,
Supermarket Deli,Beograd,,
JoJo Frutta Fresca,Beograd,,
Milenin Kutak,Beograd,,
SHAURMAGEDON,Beograd,,
Giros Lux,Beograd,,
Beijing snacks,Beograd,,
VESNA BG,Beograd,,
Harats Pub Waterfront,Beograd,,
Donerium kebab house,Beograd,,
Perlo's,Beograd,,
Avocado,Beograd,,
Diwali Mahal,Beograd,,
Koko Loko Vračar,Beograd,,
Pečeni Pilići,Beograd,,
Fuwa Chinese Restaurant,Beograd,,
Mandarina Palilulska pijaca,Beograd,,
LAPPETIT Dorćol,Beograd,,
K Kitchen,Beograd,,
Sloj Bakery,Beograd,,
Siberia,Beograd,,
Chinese Restaurant Luna 煎饼果子,Beograd,,
Restoran Proleće,Beograd,,
Vegeterija,Beograd,,
DOT,Beograd,,
Pizza Sorriso,Beograd,,
ZAOKRET,Beograd,,
La Giungla Pizzeria,Beograd,,
Barbecue Balkan Food,Beograd,,
Krispy Chicken | TC Rajićeva,Beograd,,
Čudesa od mesa 5+,Beograd,,
Nice Price Sushi,Beograd,,
Kuvano i tačka,Beograd,,
Sugar Daddy Vračar,Beograd,,
Afifa halal food,Beograd,,
Passengers Bar,Beograd,,
Coffeedream Zmaj Jovina,Beograd,,
MrGreek - Gyros & Kebab | TC Rajićeva,Beograd,,
Ribarnica Dorćol fish & salad,Beograd,,
Waffle Heart,Beograd,,
Restaurant Pizzeria Picasso Palilula,Beograd,,
La Torre Pizza,Beograd,,
TACO BELL UŠĆE,Beograd,,
Rolovane Palačinke,Beograd,,
Qualitas,Beograd,,
Lesko Zalogaj 2,Beograd,,
Ćevabdžinica Savčić Dorćol,Beograd,,
Kuvana jela by Verde,Beograd,,
White Egg Tibet Food,Beograd,,
Bubble Tea La Tea,Beograd,,
FOMIN BAR,Beograd,,
Obrok kod Piroćanca,Beograd,,
Skadarlijske kobasice,Beograd,,
BERGAMOT BAR,Beograd,,
Dorćol Store,Beograd,,
Cafe du Senjak,Beograd,,
Harmonija2GO,Beograd,,
Picerija Galija,Beograd,,
Bad Sushi NBG,Beograd,,
Premium Grill by Verde,Beograd,,
Samovarrs,Beograd,,
Mon Bistro cafeteria,Beograd,,
La Scintilla,Beograd,,
Helga's Pub,Beograd,,
Gyrobar 23,Beograd,,
RAI Urban Vege,Beograd,,
Roštilj kod Bugarina,Beograd,,
TortiLand,Beograd,,
Mikel coffee,Beograd,,
Lav Shawarma,Beograd,,
Mr Keh Zemun,Beograd,,
Klopa Kod Šopa,Beograd,,
R-tiam Uyghur Restaurant,Beograd,,
Oh Dumpling Vračar,Beograd,,
Greenet Line,Beograd,,
Kiklop Zvezdara,Beograd,,
Oklagija Takovska,Beograd,,
Bela Reka,Beograd,,
"KROFNA, ALI DOMAĆA",Beograd,,
Krunska 80,Beograd,,
Domaćica Maja,Beograd,,
Zuma street coffee shop,Beograd,,
Volna Bar,Beograd,,
Kineski bar Spring Belgrade,Beograd,,
Karamela,Beograd,,
Speed Food,Beograd,,
AXIOM,Beograd,,
Boem bar Skadarlija,Beograd,,
Cypress Tacos,Beograd,,
Agi Pasta Away - Gundulićev Venac,Beograd,,
Kiklop Zemun,Beograd,,
Knedly Cara Lazara,Beograd,,
Kuhinjica Bg,Beograd,,
Eggz,Beograd,,
Pomodoro Vidin,Beograd,,
Steco Fabrika Restoran,Beograd,,
Brza Hrana Kod Mare,Beograd,,
Mascarpone Bar,Beograd,,
Street Pasta bar Terazije,Beograd,,
Spud Bg,Beograd,,
Istok Not Istok,Beograd,,
Meatballs House,Beograd,,
Indian Arab Restaurant,Beograd,,
Coffee Stop Ruzvelt,Beograd,,
STEAKHOUSE EL TORO since 2003,Beograd,,
Baget & Co.,Beograd,,
Ribarnica Papalina,Beograd,,
Grill & Chill Steakhouse Hangar,Beograd,,
Lounge 27,Beograd,,
Chicken70 X Oaza,Beograd,,
Kod Vijetnamca,Beograd,,
Urbana Trpeza,Beograd,,
SWAN Restaurant,Beograd,,
Snack Shack,Beograd,,
Naša Mala Trpeza,Beograd,,
Poke by Shuta,Beograd,,
Tony's Pasta Bar,Beograd,,
Giros Kod Bucka Dorćol,Beograd,,
Royal India,Beograd,,
ESQUINA - Brunch & Cocktails,Beograd,,
TANNIN,Beograd,,
La Teglia Doro,Beograd,,
Cheeses Christ,Beograd,,
Dolcino Street Coffee | Makedonska,Beograd,,
Georgian Supra,Beograd,,
A'dam Stroopwafel,Beograd,,
Gurme,Beograd,,
Wok and Roll,Beograd,,
Robin Hood,Beograd,,
Gavran,Beograd,,
Mi&Mi Salad & juice bar Hangar,Beograd,,
Sticky Fingers,Beograd,,
Miamiam ,Beograd,,
Smiley Pizzeria,Beograd,,
Osam Dorćol,Beograd,,
Svet kafe,Beograd,,
Kikiriki Latte,Beograd,,
SLOJ Bakery West 65,Beograd,,
Soya Sos Vukov spomenik,Beograd,,
Smokvica - Kralja Petra,Beograd,,
Hola Asian Food,Beograd,,
Restoran Gradska,Beograd,,
Pizza King,Beograd,,
Vin et Baguette,Beograd,,
Green & Protein,Beograd,,
HiFood,Beograd,,
Belgrade Brunch,Beograd,,
Bir's pilav ispod sača,Beograd,,
Dream Garden,Beograd,,
Konoba Stari Beograd,Beograd,,
Loki 2,Beograd,,
AUT BISTRO,Beograd,,
ČARNA FOOD & COFFEE,Beograd,,
Panda Bowl Chinese Food,Beograd,,
Kaži Važi,Beograd,,
Pub 31,Beograd,,
Una Trattoria,Beograd,,
KETONAC FOOD BAR,Beograd,,
Nota restoran,Beograd,,
Toronto pizza,Beograd,,
Kuhinja na Brdu,Beograd,,
Pizza Fabrika Vračar,Beograd,,
GOSSIP CAFFE BAR,Beograd,,
Pečenjara Marinković Bulevar,Beograd,,
Pizza Hot,Beograd,,
Pane e vino,Beograd,,
Restoran Prijović,Beograd,,
Kostas Giros,Beograd,,
Moba Plantbased,Beograd,,
Rižoto bar,Beograd,,
MM box,Beograd,,
Restoran K2,Beograd,,
Bonjour Motherf*ckers,Beograd,,
Diwali Palace,Beograd,,
Beng Chicken,Beograd,,
Gvero,Beograd,,
Comida Loca,Beograd,,
Dreamy Can,Beograd,,
Maikhana The Indian Restaurant,Beograd,,
Manifest ,Beograd,,
Bardo Sushi,Beograd,,
Štrudlica Vračar,Beograd,,
Ljukijev roštilj,Beograd,,
Ultimatum,Beograd,,
Emma Pizza & Cocktails Dorćol,Beograd,,
Snežana 2,Beograd,,
Initial Tea Bubble Tea,Beograd,,
Figo,Beograd,,
Ramen Shop by Vegangelov,Beograd,,
Index House Beograd,Beograd,,
Moja kuhinjica,Beograd,,
Knedla Bar & Coffee Shop,Beograd,,
Princess Puff,Beograd,,
Jedno Mesto,Beograd,,
Bagel Bejgl,Beograd,,
METROPOLIS FOOD BAR,Beograd,,
Linija ukusa,Beograd,,
Tabor,Beograd,,
Tropic,Beograd,,
TORO Latin Gastro Bar,Beograd,,
Fu Yuan Restauran,Beograd,,
Vagon Victoria,Beograd,,
Restoran Talir,Beograd,,
Restoran Savski Venac,Beograd,,
Paella & Tapas Bar by Milagro,Beograd,,
Vera Cafe,Beograd,,
Tatalino Palačinke,Beograd,,
Ruske palačinke,Beograd,,
Del Toros Premium Burgeri,Beograd,,
Zlatni Opanak,Beograd,,
Coffee Pass,Beograd,,
Restoran Ceger,Beograd,,
Amici,Beograd,,
La Mirage Restoran,Beograd,,
Pab Klopa I Pivo 2,Beograd,,
Livnica Dorcol,Beograd,,
Fini Dorćol,Beograd,,
Kod komše,Beograd,,
Ferdinand knedle Beograd,Beograd,,
Salatara,Beograd,,
Real Berlin Doner,Beograd,,
Caviar,Beograd,,
Yalla Lebanese Food - TC Rajićeva,Beograd,,
Casa Di Pizza-Belgrade Waterfront,Beograd,,
Willow Stari Grad,Beograd,,
Strada,Beograd,,
CRUST pizzabar,Beograd,,
Salateria Minty,Beograd,,
Roštilj Slavonac Palilula,Beograd,,
Smash BRT Burger | TC Rajićeva,Beograd,,
Samo Komplet,Beograd,,
Brusnica Healthy Bar & Restaurant,Beograd,,
Lure Palačinke | TC Rajićeva,Beograd,,
Amigos Buritos & Tacos | TC Rajićeva,Beograd,,
Skara - Balkan Grill | TC Rajićeva,Beograd,,
Ararat,Beograd,,
Chopper,Beograd,,
Uganda Connect Coffeeshop,Beograd,,
Mornar Dečanska,Beograd,,
KP Burgers,Beograd,,
Mi Terraza Cuba Bar - Restaurante,Beograd,,
Sonder Cafe Dorćol,Beograd,,
Restoran Banija,Beograd,,
Hangry,Beograd,,
Ispeci pa reci,Beograd,,
Moka Brunch,Beograd,,
Pizzeria Luigi,Beograd,,
Ambar Balkan Cuisine,Beograd,,
Restoran Veliki trg,Beograd,,
Mandarina Novi Beograd,Beograd,,
Pivzdarija Pab,Beograd,,
Savanova,Beograd,,
Užičanka-komplet lepinje,Beograd,,
ORIZURU Sushi,Beograd,,
Pastrami,Beograd,,
Taco ljubavi,Beograd,,
Bubble Factory Ušće,Beograd,,
Mr Giros 011,Beograd,,
Talija Bistro,Beograd,,
Mandarina,Beograd,,
BOBO Boucher et Botanist,Beograd,,
Nikki Sushi,Beograd,,
Pad Thai Wok | TC Rajićeva,Beograd,,
Botanica Caffe,Beograd,,
BEGE BOSS,Beograd,,
Family Taste of China 中国家庭风味,Beograd,,
Piter - Shawarma i Krofne,Beograd,,
Kod Debelog,Beograd,,
Nostra Pizza,Beograd,,
Restoran Mihailo,Beograd,,
Restoran Snežana,Beograd,,
Hood Food,Beograd,,
Trattoria Campania,Beograd,,
Sač bar,Beograd,,
Ćevabdžinica Ranković,Beograd,,
ZDRAVco,Beograd,,
Momi Crazy Fish,Beograd,,
Gurme Srbija,Beograd,,
X-RAMEN,Beograd,,
Slatki Kutak,Beograd,,
Ben Jia Korean BBQ,Beograd,,
Pizza Stojkovic,Beograd,,
Shangri-la Hangar,Beograd,,
Siesta La Cocina Novi Beograd,Beograd,,
Potatos,Beograd,,
Andrea Mia Zemunski Kej,Beograd,,
Drama ćevapi,Beograd,,
Panda Chinese Food | TC Rajićeva,Beograd,,
Pasta Bar by Prana 2,Beograd,,
Majstor i Margarita,Beograd,,
Perper,Beograd,,
Sunshine Bagel,Beograd,,
Restoran Hanan,Beograd,,
Burgerizza,Beograd,,
Meet & Sip Coffee Point,Beograd,,
Merak Balkan Cusine | Senjak,Beograd,,
Ipak se okreće,Beograd,,
TISI Global Cuisine,Beograd,,
Bamboo Panda Asian Food Restoran Vračar,Beograd,,
NICE 2025 Dumpling,Beograd,,
Restoran Maslina,Beograd,,
Kompletara Dabić Vračar,Beograd,,
URA! Russian Dumplings,Beograd,,
Spički,Beograd,,
Oliva,Beograd,,
Restoran Žar Plus,Beograd,,
Homa Bistrot,Beograd,,
Naša Priča Zemun,Beograd,,
Pasta bar Bulevar,Beograd,,
Sol Gastro Bar,Beograd,,
Ćurka Palasmarsa,Beograd,,
Chuty's,Beograd,,
Mamma's Biscuit House,Beograd,,
Dva Štapića,Beograd,,
Stroganov Family,Beograd,,
IDOL bar,Beograd,,
Sushidream Centar,Beograd,,
Byblos – Urban Lebanese Street Food Vračar,Beograd,,
Pacific Fish,Beograd,,
Soup Box,Beograd,,
Marukoshi,Beograd,,
Zona plus NBG - Domaća jela i ketering,Beograd,,
Restoran Nachos,Beograd,,
Cafe&factory 6,Beograd,,
DXB HOUSE,Beograd,,
Restaurant Olivio,Beograd,,
Mister Wang Slavija,Beograd,,
Kafe Svako Dobro,Beograd,,
Leskovačka Skara Karaburma,Beograd,,
KMC KITCHEN,Beograd,,
"Kafeterija „Bukmarker“, Lagunin klub čitalaca",Beograd,,
Mega Gym Bistro Central,Beograd,,
Bakine palačinke,Beograd,,
Restoran Pečat,Beograd,,
Turist Burger,Beograd,,
Etno restoran Zlatar,Beograd,,
Ruyi Fast Food Chinese,Beograd,,
Avalica,Beograd,,
Fresh pasta box,Beograd,,
TRI LAFA,Beograd,,
Le Coin Bistrot Belgrade,Beograd,,
Super Palačinke,Beograd,,
Smash n Friends Burgers,Beograd,,
Vegetarian food,Beograd,,
Ekspres Restoran Lonac,Beograd,,
ARTIGANI La cucina Italiana & pizzeria,Beograd,,
 Sushi & Wine TRANSFORMART ,Beograd,,
Eat Healthy,Beograd,,
Breakfast,Beograd,,
Mr. Sač,Beograd,,
Flipz,Beograd,,
Pizzeria Ćoše,Beograd,,
Pasta House kod Garića,Beograd,,
St Mark's Place 1,Beograd,,
Flašice,Beograd,,
Shall we,Beograd,,
Zero Zero,Beograd,,
Sushi Tempo,Beograd,,
Picerija Palermo,Beograd,,
KARUSEL,Beograd,,
SENDVIC MARKET by Matori,Beograd,,
Palačinkarnica Zvončica,Beograd,,
YXIanzh,Beograd,,
Acaimania Smoothie & Juice shop,Beograd,,
Teel Cafe,Beograd,,
Stara Hercegovina Carigradska,Beograd,,
Fit House,Beograd,,
Willow Vračar,Beograd,,
STEVENS KITCHEN - Handmade Chinese food,Beograd,,
Patriki,Beograd,,
Klub Restoran Soči,Beograd,,
Food Distrikt,Beograd,,
Shawarma - Traditionally served by Ararat,Beograd,,
Crazy Dumplings Resavska,Beograd,,
Palačinkarnica Glumac Plus,Beograd,,
Pivokratija Craft Beer & American Style Pizza,Beograd,,
Gallo Nero Dorcol,Beograd,,
Zlata,Beograd,,
Picerija Skver,Beograd,,
Šavurma Premium,Beograd,,
NJK Chinese Street Food 1,Beograd,,
Verde brunch & more,Beograd,,
Pasta Pietro NBG,Beograd,,
Oljina Kuhinja,Beograd,,
Pizzeria Napoletana Šoljica,Beograd,,
Restoran Gurman,Beograd,,
YOYO Tea Restaurant,Beograd,,
Shangri-la Galerija,Beograd,,
Chang Mao,Beograd,,
Stubal Gyros,Beograd,,
Fello Street Food,Beograd,,
Roštilj Žuća,Beograd,,
Boko Picerija,Beograd,,
Urma Poslastičarnica,Beograd,,
Restoran Brera,Beograd,,
Belmond,Beograd,,
Black White,Beograd,,
Burger kod Vojvode,Beograd,,
Ćao Šećeru,Beograd,,
Pink Panter Ćevabdžinica Banovo Brdo,Beograd,,
Pizza Pepperoni,Beograd,,
Sushi Times,Beograd,,
Ćevabdžinica Jevtić,Beograd,,
Hi Hotpot 喜捞火锅  Galerija,Beograd,,
Eat Point,Beograd,,
Steakhouse Toro Grill Zemun,Beograd,,
Vojvoda,Beograd,,
Smasher & CO Authentic Smash Burger's,Beograd,,
Moscow Pancakes & Creparie,Beograd,,
Fabrika ukusa,Beograd,,
Mr.Dumplings,Beograd,,
Bistro Trandafilović,Beograd,,
Roki Pile,Beograd,,
Uramaki Dorćol,Beograd,,
Cvet,Beograd,,
Collina Kuhinjica Vračar,Beograd,,
Sarajevski ćevap i giros,Beograd,,
DOBROWICH SANDWICH & BAKERY,Beograd,,
Dolcino,Beograd,,
Dolly Bell | Galerija,Beograd,,
Bemata,Beograd,,
VegANGELov,Beograd,,
Wiggle Pancakes,Beograd,,
Srecno Kineski Restoran,Beograd,,
LACANTINE,Beograd,,
Restoran Danubius,Beograd,,
Pečenjara N&N,Beograd,,
Royal Palačinke,Beograd,,
Meraki Gyros,Beograd,,
Solunac Grčki Giros,Beograd,,
Pizza&Pizza by Chiara,Beograd,,
Osteria Mozzarella,Beograd,,
Mezetko,Beograd,,
Yalla Lebanese Food,Beograd,,
Dolcino Street Coffee,Beograd,,
BABA SAN Sushi Bar,Beograd,,
Zar Mance Zemun,Beograd,,
OG Kebab,Beograd,,
KACAMAK HAUS,Beograd,,
Kineski Restoran Pan Ji blok 70,Beograd,,
Restoran Komšiluk,Beograd,,
Kafana Srem ,Beograd,,
Zora Bg,Beograd,,
Tuk Tuk Thai Food,Beograd,,
Molto Sano,Beograd,,
Krilca Bg,Beograd,,
Čaršija Fast Food,Beograd,,
Beli Medved Food,Beograd,,
Napolje,Beograd,,
Kuvana Jela - Kiklop,Beograd,,
Pizza by Constantin,Beograd,,
Buena Vida Mexican Gastro Bar,Beograd,,
Roštilj Kod Koce,Beograd,,
Kod Vece,Beograd,,
Furuna,Beograd,,
Gallo's,Beograd,,
DS Slavija,Beograd,,
GEUM bistro,Beograd,,
Žar Mance Bogoslovija,Beograd,,
Pekarica Collina,Beograd,,
Banjalučki ćevap Dobro Karaburma,Beograd,,
Kod Pribojca,Beograd,,
Mochi,Beograd,,
NUA Poke,Beograd,,
Splav Godo,Beograd,,
Funk & Soul Pub 1#,Beograd,,
Lep Izgled Kafana,Beograd,,
Trešnjin Hlad,Beograd,,
Burger Bar Oblakovska,Beograd,,
Mala Slavija na Sajmu,Beograd,,
Restoran Komanda,Beograd,,
S Pizza Hot,Beograd,,
Italiano Vero 1,Beograd,,
Slavkina Domaća Kujna,Beograd,,
Fast Food Kod Mićka,Beograd,,
Restoran Nacionalna Klasa Beograd,Beograd,,
MA'IDA,Beograd,,
Cafe Music Cake & Ice Rajićeva,Beograd,,
Fricken Chicken,Beograd,,
Jutrilo,Beograd,,
Moja Salata Bar Dorćol,Beograd,,
La Trattoria Verde,Beograd,,
Rice Kings Sutlijaš Bar,Beograd,,
Bubblin' Waffle Factory,Beograd,,
Capone Food,Beograd,,
Žuta greda,Beograd,,
SOS Sandwiches,Beograd,,
Mančiz Dorćol,Beograd,,
JI HE SHUN,Beograd,,
Dva jelena,Beograd,,
OLD TOWN COFFEE,Beograd,,
Pizzeria Čika Ljubina,Beograd,,
Bee Smash Burger,Beograd,,
Pastoteka,Beograd,,
TT Bistro | Kalemegdan,Beograd,,
Pivo i Kobaja Garage,Beograd,,
Palačinke Domaće sa Brda,Beograd,,
Pizza Madre,Beograd,,
Uprava 1927,Beograd,,
Pašić Eatery,Beograd,,
Kajmak Novi Beograd,Beograd,,
Chips&Dips,Beograd,,
Food Store,Beograd,,
Picerija Osteria Pizzikata,Beograd,,
Biryani Central,Beograd,,
Miami Sushi & Poke,Beograd,,
Liga Pub Centar,Beograd,,
Haslers Vračar,Beograd,,
Brooklyn Pizza,Beograd,,
Tošin bunar Carigradska,Beograd,,
Ollie bite club,Beograd,,
Picerija Bergamo,Beograd,,
Natura bar falafel house,Beograd,,
Koi Bar Sushi & Cocktail,Beograd,,
Cantina de Frida,Beograd,,
Holy Smokes Novi Beograd,Beograd,,
Zevs Giros Zaplanjska,Beograd,,
Gastroport Centar,Beograd,,
Kami Sushi,Beograd,,
Moon Sushi Centar,Beograd,,
ZLATIBORSKO - UŽIČKI SPECIJALITETI,Beograd,,
Zen by Sushico,Beograd,,
All Italian,Beograd,,
Prana poke,Beograd,,
Play Pasta,Beograd,,
KOMPLETATA,Beograd,,
Kuvana jela Ranković,Beograd,,
Casa Nova,Beograd,,
Crni Đorđe ćevap bar,Beograd,,
Settimana Picerija,Beograd,,
Cafe Hit Grill,Beograd,,
Fuka Duka,Beograd,,
Stari Hong Kong,Beograd,,
Leskovacka skara kod Dejanca,Beograd,,
TeaTalk Bubble Tea,Beograd,,
Mali Princ 011,Beograd,,
Super Donkey ,Beograd,,
Crveni Petao,Beograd,,
Italijanski Sendviči Delizioso,Beograd,,
Le Chef,Beograd,,
Spartacus Rim,Beograd,,
Aigo.eat,Beograd,,
Sushi Big Bite,Beograd,,
Sremuš Healthy Juice & Snack Bar,Beograd,,
Love sandwich,Beograd,,
Repete,Beograd,,
Puter,Beograd,,
Le burger plus,Beograd,,
Pasteli Cake Shop,Beograd,,
Zapata CIUDAD,Beograd,,
Fish House,Beograd,,
Zavičaj Skadarlija,Beograd,,
Italian Job,Beograd,,
Kepo World Galerija,Beograd,,
City Queen,Beograd,,
Pizza Fritta,Beograd,,
Pizzeria Romeo i Giulia,Beograd,,
Silk noodles,Beograd,,
Petković 1903,Beograd,,
Restoran Iv,Beograd,,
Dolly Bell Sava Centar,Beograd,,
Chinese Delicious Food (Bambus Restoran),Beograd,,
Ukus Kine,Beograd,,
All Star Bar,Beograd,,
Pečenjara kod Tome 023,Beograd,,
ASIAN STYLE FOOD,Beograd,,
Red Queen,Beograd,,
Restoran Gigo,Beograd,,
Green Restoran,Beograd,,
Pastis bistro,Beograd,,
Sos Grill,Beograd,,
Mayka & Vege Pijaca,Beograd,,
Bubble Tea Boom,Beograd,,
Bash Smash Burgers Autokomanda,Beograd,,
Restoran Matijaš,Beograd,,
Kod Leskovčanina,Beograd,,
Casa & Casa,Beograd,,
Žar Cica Palačinke,Beograd,,
Rock and Raw,Beograd,,
Tornik,Beograd,,
Tao Thai,Beograd,,
Restoran Konoha,Beograd,,
Al Dente Smash Burger & Pasta Bar,Beograd,,
Mister Boki Burgers,Beograd,,
Amigo Palačinkara,Beograd,,
Gladni Vuk,Beograd,,
Restoran Kalenić,Beograd,,
Restoran Avenia,Beograd,,
Fine Sushi Bar,Beograd,,
Pavle Korčagin NBGD,Beograd,,
Bad Sushi,Beograd,,
Pizza na drva Mikele Slavija,Beograd,,
Piatakia Galerija,Beograd,,
Picerija 11070,Beograd,,
Vega Fresh Bar & Coffee,Beograd,,
Srolaj,Beograd,,
Gotova jela posno vegan (Knez),Beograd,,
Restoran Majestic,Beograd,,
Balance Caffe & Restaurant,Beograd,,
Youran Tea House,Beograd,,
Si Chuan Wok,Beograd,,
Brunello Wine & Dine,Beograd,,
Restoran Muskat,Beograd,,
Dardaneli,Beograd,,
Eleven Chinese restaurant,Beograd,,
Restoran Nišava,Beograd,,
Van Dam Gyro & Sandwich,Beograd,,
Restoran Potpis,Beograd,,
Matchamochi,Beograd,,
GT Food,Beograd,,
Metarizza  - Metar pizza,Beograd,,
Cantina Mediterraneo by Fishek Hangar,Beograd,,
Štab Restoran,Beograd,,
Fontana Gastro Pab,Beograd,,
Chilltown,Beograd,,
Simple BG,Beograd,,
Sushi Wok,Beograd,,
Contact,Beograd,,
Orange Burger,Beograd,,
BEANS domaća kuvana jela,Beograd,,
So i biber,Beograd,,
Ludo Brašno,Beograd,,
In Smoke We Trust,Beograd,,
Banjalučki ćevap Piramida,Beograd,,
Healthy fast food Toto,Beograd,,
Chinese Flavores Restaurant 中式风味餐厅,Beograd,,
Restoran MMB,Beograd,,
Carski NBG Burgeri / Hot Dog / Sendvic,Beograd,,
Atos Čaršija,Beograd,,
Džemastiko,Beograd,,
JB Restoran,Beograd,,
Stix Ukusi Azije,Beograd,,
Domaća Kujna Slavija,Beograd,,
Azzaro Belville,Beograd,,
Supreme Steak House - Galerija,Beograd,,
Sushi Factory,Beograd,,
Stepco,Beograd,,
Fast Food Keksi,Beograd,,
Family lunch by Moja Kuhinjica,Beograd,,
Restoran Mingxuan,Beograd,,
Le Bon Appetit,Beograd,,
Markoni Fast Food,Beograd,,
Jamie's Italian,Beograd,,
Urban Street Food,Beograd,,
Beerland Pub Bg,Beograd,,
Žar Cica,Beograd,,
Take Square NBG,Beograd,,
Kakadu Koncept Bar Belgrade Waterfront,Beograd,,
Beng burger,Beograd,,
Doner kuća,Beograd,,
Toffee kuhinjica Sarajevska,Beograd,,
Creperie Minis,Beograd,,
Vege House,Beograd,,
Hotel Srbija,Beograd,,
Caffe Tierra,Beograd,,
La Cucina,Beograd,,
Park Gastro Bar,Beograd,,
Restaurant&Bar Izlog,Beograd,,
MERCATO ITALIANO - Hangar,Beograd,,
Žar M,Beograd,,
CREDO by Marriott,Beograd,,
Moderna Domaćica,Beograd,,
Present Poslastičarnica,Beograd,,
Bromacvetam,Beograd,,
Dragoljub New Balkan Cuisine,Beograd,,
Mala Vida,Beograd,,
Nosati Pub,Beograd,,
Supertramp Bar Belgrade,Beograd,,
Burger Market,Beograd,,
Pro Eat Sushi,Beograd,,
Poke & Tortilja Big Bite,Beograd,,
Soul Food,Beograd,,
Pizzeria Golub,Beograd,,
Monument Ruski Car,Beograd,,
Sheher,Beograd,,
Bizu Sushi & Fusion,Beograd,,
Roštilj Kod Dede,Beograd,,
Ribarnica Jovan 1,Beograd,,
Gennaro Pizza & Pasta,Beograd,,
Kasper,Beograd,,
Konoba Akustik Voždovac,Beograd,,
Miris Jablana,Beograd,,
Fish Butik,Beograd,,
La Rumba - Comida Cubana,Beograd,,
Chin Chin  (Čin Čin),Beograd,,
Orange Rostilj,Beograd,,
Bioharmony,Beograd,,
Rodina.Bar,Beograd,,
Pinokio 1,Beograd,,
Dokolica,Beograd,,
Delicious Dumplings,Beograd,,
Mlinareva priča,Beograd,,
Restoran Baštino,Beograd,,
Gradska Pivnica Terazije,Beograd,,
Sendvič Store Zemun,Beograd,,
Riža Street Food,Beograd,,
Zelen,Beograd,,
Pizza and Poke,Beograd,,
Domaća kujna Resavska,Beograd,,
Roštilj kod Spaleta,Beograd,,
Giros kod Taličnog Tome,Beograd,,
Kod Goje,Beograd,,
Restoran Opušteno,Beograd,,
Grizzilla,Beograd,,
Piano Loco,Beograd,,
Kuvana Jela Kod Dede,Beograd,,
Sevdah,Beograd,,
Restoran Koren,Beograd,,
Restoran - Pizzeria Alo Alo,Beograd,,
OBA Doner & Kebab,Beograd,,
Zibo China Cuisine,Beograd,,
Oči Gladne - Dirty Smash Burger | Hangar,Beograd,,
Hummus and more,Beograd,,
Poslastičarnica Sara,Beograd,,
Roštilj Kale,Beograd,,
Paun Pizzeria,Beograd,,
Kebabdom Shawarma,Beograd,,
Slatkoteka,Beograd,,
Tri Bistro Vračar,Beograd,,
Voli knedle,Beograd,,
Dekijev Njam,Beograd,,
Make My Day,Beograd,,
L’espresso Savski Venac,Beograd,,
Restoran Feliks,Beograd,,
Žirafa Budimska,Beograd,,
Shanghai Delicious Food Kineski Restaurant,Beograd,,
Burgos - Premium Burger Bar,Beograd,,
Klopa bar,Beograd,,
Pizzeria ltaliana,Beograd,,
Roost,Beograd,,
Cinnabunny – rolnice sa cimetom TC Galerija,Beograd,,
Falafel traditionally served - by Ararat,Beograd,,
Campania Pizza Gourmet,Beograd,,
Nutyno (ex Nutellino),Beograd,,
Minimilian,Beograd,,
Jamie’s Pasta bar,Beograd,,
Taurunum Pogled Pizza Bar,Beograd,,
Pizzeria Matto Napoletano,Beograd,,
The Leskovac,Beograd,,
Piccolo Pizza & Pasta,Beograd,,
Housewife detox,Beograd,,
Pasha Pizza Bar,Beograd,,
Dante,Beograd,,
PalaDžinka,Beograd,,
Bubble Smile,Beograd,,
Lesko Grill,Beograd,,
Pasteli Cake Shop TC Galerija,Beograd,,
Pastino,Beograd,,
Aloha,Beograd,,
Wang Jiao,Beograd,,
Češnili doner,Beograd,,
PIZZERIA KOD BLIZANACA,Beograd,,
Leskovačka Kuća Banovo Brdo,Beograd,,
New York New York ,Beograd,,
FORTINA PIZZA DELIVERY,Beograd,,
Kod Uroševe mame,Beograd,,
Mr.Good,Beograd,,
Bioled Pastry Shop,Beograd,,
Shuta Sushi,Beograd,,
Zapata Pozo,Beograd,,
Makedonac Burger Bar,Beograd,,
Babltić Fast Food Zemun,Beograd,,
Poke Olakino,Beograd,,
Đorđija,Beograd,,
Naša Priča,Beograd,,
Sendvič Store NBG,Beograd,,
Sokače,Beograd,,
Sufle Japanske Palačinke,Beograd,,
Emilio Restoran by New Belgrade Premium,Beograd,,
Savamala Cafe & Restaurant,Beograd,,
Restoran Giulia,Beograd,,
Two Kings by Hilton,Beograd,,
Lovor Urban Bistro,Beograd,,
Heritage Rooftop Open Air Gastro Bar,Beograd,,
Stepa Crepa,Beograd,,
Food Hub,Beograd,,
Stop Palačinke,Beograd,,
Restoran Jerry,Beograd,,
Roštilj Žabac,Beograd,,
Pečenje Ranđelović,Beograd,,
Kežual bar,Beograd,,
Ketering Radulović,Beograd,,
Marenda,Beograd,,
Restoran Za Druga,Beograd,,
Castello Bianco,Beograd,,
Pizzeria Oko,Beograd,,
Gallop grill,Beograd,,
Josephine,Beograd,,
Eatalian Dorćol,Beograd,,
Caribic Pizza Bulevar,Beograd,,
Pejton Pub,Beograd,,
Gurmania,Beograd,,
Pizzeria La Familia,Beograd,,
Umi Sushi,Beograd,,
Wrap i Krilca,Beograd,,
Mimosa,Beograd,,
Butler,Beograd,,
Omakase sushi,Beograd,,
Seoulgrade,Beograd,,
Pizzeria Gasthaus,Beograd,,
Pizzeria Storia NBG,Beograd,,
Kaldi BW,Beograd,,
Mengwei Kineski Restoran,Beograd,,
Pizzeria Milla,Beograd,,
Smash Burgers by Paprika,Beograd,,
Proklopa,Beograd,,
Tocca Bocca,Beograd,,
Pivo i Kobaja Garden,Beograd,,
Foody Ušće,Beograd,,
Le Petit Bistro Blue Center,Beograd,,
The 33 Caffe,Beograd,,
Cuoco,Beograd,,
Donlito,Beograd,,
Te Bar,Beograd,,
Restaurant Pizzeria Madness NBG,Beograd,,
Burrito by Riža,Beograd,,
Rakijator kuhinjica,Beograd,,
Mydan - Senjak,Beograd,,
Piazza dei Fiori,Beograd,,
Restoran LaRoc,Beograd,,
StaNa,Beograd,,
Temax Fabrika Hrane,Beograd,,
Contra Caffe and Restaurant,Beograd,,
Pinta Pub,Beograd,,
Gyros Square Ada Mall,Beograd,,
Restoran Kod Papka,Beograd,,
Stovarište,Beograd,,
IFood,Beograd,,
Gringo,Beograd,,
Fast food Luna,Beograd,,
Lorenzo & Kakalamba,Beograd,,
3 Stola,Beograd,,
Éclat,Beograd,,
Giroslav,Beograd,,
Paradise Food,Beograd,,
Thai Zone,Beograd,,
Roštilj i ribarnica mesara Jovanović,Beograd,,
Creamy Jimmy,Beograd,,
Limonella by Enfild,Beograd,,
Girosito Vračar,Beograd,,
La Tavernetta,Beograd,,
Mali Ustanak Roštilj,Beograd,,
Čajniz,Beograd,,
Kafana Topola,Beograd,,
Tropic Vračar,Beograd,,
Mama Goca Novi Beograd,Beograd,,
Bela Kućica 2,Beograd,,
Baristocratia Bistro,Beograd,,
Brunch To Go Belville,Beograd,,
Torta TC BIG,Beograd,,
Poslastičarnica Šećerlema,Beograd,,
"Nacionalni restoran ""Početak""",Beograd,,
Tegla Bar,Beograd,,
Restoran Maximilian,Beograd,,
Keops,Beograd,,
JACKIE,Beograd,,
Mr. Pako,Beograd,,
Restoran Piazza Platani,Beograd,,
Zvrk,Beograd,,
Chinese Meal Food,Beograd,,
Bad Guys Vračar,Beograd,,
Wood pizza,Beograd,,
Poke Bar by Inbox Kitchen,Beograd,,
Green Hug by Inbox Kitchen,Beograd,,
Caffe All Angolo,Beograd,,
Restoran Byblos,Beograd,,
Pizza La Vista,Beograd,,
Theta Dedinje,Beograd,,
Avlabar,Beograd,,
Cica - Fina Domaća Kuhinja,Beograd,,
Toffee Kuhinjica,Beograd,,
Stari Pingvin,Beograd,,
Naš merak,Beograd,,
Lounge Bar Baza,Beograd,,
Italian Box,Beograd,,
Royal Smash Burgers,Beograd,,
Butkica,Beograd,,
Kod Buce i Dače,Beograd,,
Pizza Origano,Beograd,,
Lemon Chili,Beograd,,
Konoba Vrelo,Beograd,,
AIM Trpeza,Beograd,,
Kuvana jela B23 Maćado,Beograd,,
New Marinero,Beograd,,
Bevanda,Beograd,,
The Pijaca,Beograd,,
Čubura,Beograd,,
Pizza pub,Beograd,,
Pizza Trkačica,Beograd,,
Lucky Lee - Chinese restaurant,Beograd,,
Le petit Bistro Vračar,Beograd,,
Kod Straže,Beograd,,
Banjalučki ćevap Most M,Beograd,,
Sushi Star BG,Beograd,,
Pink Panter Ćevabdžinica,Beograd,,
HookahPlace,Beograd,,
Koš Lounge,Beograd,,
Mamagayo,Beograd,,
Liga Pub,Beograd,,
16ica grill,Beograd,,
Sushi Factory Zemun,Beograd,,
Milagro Tapas Bar,Beograd,,
Ričard Grill,Beograd,,
Pink na Brdu,Beograd,,
Love Greens,Beograd,,
Blinok Kuvana Jela Zvezdara,Beograd,,
Restoran Palilula,Beograd,,
Rocket Palačinke 2,Beograd,,
Ciao Bella BG,Beograd,,
KoČa,Beograd,,
Pizza Station Bar,Beograd,,
Ono Poke,Beograd,,
Extra Sushi,Beograd,,
MIG - Margherita & Gelato NBG,Beograd,,
Poke Poke,Beograd,,
Kobaja Grande,Beograd,,
Bratija,Beograd,,
Natalija Residence,Beograd,,
METARIZZA,Beograd,,
Kod Čekija,Beograd,,
Vrh Beograda Restoran,Beograd,,
Poke Bites,Beograd,,
Di Strada,Beograd,,
Professional Chinese restaurant,Beograd,,
OAT BAR,Beograd,,
Pečenjara Tor,Beograd,,
Villa Maska,Beograd,,
Bistro V,Beograd,,
Restoran Zapata,Beograd,,
Republika Pub,Beograd,,
Mi Đa House,Beograd,,
Salaš011,Beograd,,
Restoran 369,Beograd,,
LakiLu Street Food,Beograd,,
Vesela Soova - Dedinje,Beograd,,
Riblji restoran Radecki,Beograd,,
Restoran DEDINJE,Beograd,,
Splav Nivo,Beograd,,
Bambola,Beograd,,
Čobanov odmor,Beograd,,
Toffee Café,Beograd,,
U.R. Dabić,Beograd,,
Restoran Dren,Beograd,,
Restoran Ustanak,Beograd,,
Casa Mia,Beograd,,
Tavernaki,Beograd,,
Čobanov lad,Beograd,,
Cosi Pizza bar & kitchen,Beograd,,
Sushi Bar Boketto,Beograd,,
Pizza & Pasta Bike,Beograd,,
Grey,Beograd,,
Via Napoli,Beograd,,
East To Go,Beograd,,
Ruzmarin,Beograd,,
Dolly Bell Java,Beograd,,
Beervana Gastro Pub,Beograd,,
Kod Ćelavog,Beograd,,
Paun sandwiches & tortillas,Beograd,,
Beogradski Čevap,Beograd,,
Roštilj kod nane,Beograd,,
Sokače Fast Food,Beograd,,
Kod večitog mladoženje,Beograd,,
CHOSHKLOSH,Beograd,,
Premium Index Banovo Brdo,Beograd,,
PizzaDaFood,Beograd,,
Le Petit Bistro LPB,Beograd,,
Zona 20 Pizzeria e Osterria,Beograd,,
Poke by Toffee,Beograd,,
Kuvana jela by Kolonija A blok,Beograd,,
Sushi Tempo Voždovac,Beograd,,
CHi LE MA (sushi),Beograd,,
Restoran Troy,Beograd,,
Restoran Milagro,Beograd,,
Stara Srpska kuća,Beograd,,
Zapata Cerezo,Beograd,,
Giros kod Luleta,Beograd,,
Fish Bar John Dory,Beograd,,
Restoran Constantin,Beograd,,
Ninja Sushi - Ниндзя Суши,Beograd,,
Restoran Sport,Beograd,,
Kafanica Beograd,Beograd,,
Šašlik House,Beograd,,
Pizza Napolitana Inferno,Beograd,,
Restoran Ritual,Beograd,,
Admiral Bet Pub,Beograd,,
Angulo Gastro Pub,Beograd,,
Pizza Plus Karaburma,Beograd,,
Picerija moj san,Beograd,,
Royal Chicken,Beograd,,
Restoran Ustanička,Beograd,,
Le Nonne Pasta Fresca Dorćol,Beograd,,
Muy Rico,Beograd,,
Cattarissimo Pizza,Beograd,,
Wild Bar,Beograd,,
Distribucija Bar,Beograd,,
Hungry Rooster,Beograd,,
Nova Soča,Beograd,,
Domaće al naše Palilula,Beograd,,
Pizza 2 Go,Beograd,,
Ovo je Druga Kuća,Beograd,,
Soul Foodman,Beograd,,
Green Mill 3,Beograd,,
Kuvana Jela Kujnoteka,Beograd,,
Le Caprice NBGD,Beograd,,
McDonald's Bezistan,Beograd,,
KFC - Studentski Trg,Beograd,,
Domaće palačinke,Beograd,,
McDonald's TimeOut,Beograd,,
BigPizza Karaburma +,Beograd,,
TT Asia,Beograd,,
KFC Beo shopping mall,Beograd,,
Walter Dorćol,Beograd,,
Collina Burgers Novi Beograd,Beograd,,
Space Burger NBG,Beograd,,
Burrito Madre Bulevar,Beograd,,
Giros kod Bucka 3,Beograd,,
McDonald's Fontana,Beograd,,
Saint Fontana,Beograd,,
Burger House Bros. NBG,Beograd,,
Pancakes by Collina Novi Beograd,Beograd,,
Pile & Prase Karaburma,Beograd,,
Pancakes by Collina Vračar,Beograd,,
Ušara Zorana Đinđića,Beograd,,
KFC - Ada,Beograd,,
Collina Burgers Vračar,Beograd,,
Collina SMASH Burgers Vračar,Beograd,,
Pizza na drva kod Mašinca Dorćol,Beograd,,
Bash Smash Burgers Vračar,Beograd,,
Saint Karaburma,Beograd,,
Stepin Vajat Zemun,Beograd,,
McDonald's Bežanijska kosa,Beograd,,
Starbucks Rajićeva,Beograd,,
Boutique 2,Beograd,,
URBAN BITES KARABURMA,Beograd,,
Krusty Banovo Brdo,Beograd,,
BigPizza Karaburma,Beograd,,
Intergalactic Diner Vračar,Beograd,,
KFC - Big,Beograd,,
McDonald's Bulevar,Beograd,,
Grill Ranković Dušanovac,Beograd,,
Saint Zvezdara,Beograd,,
Pavle Korčagin,Beograd,,
KFC - Ušće,Beograd,,
McDonald's Piramida,Beograd,,
Saint Voždovac,Beograd,,
Peony Restaurant,Beograd,,
Krusty Belville,Beograd,,
BigPizza Kumodraška +,Beograd,,
Intergalactic Smash Novi Beograd,Beograd,,
Burger House Bros. Vračar,Beograd,,
Starbucks Zeleni Venac,Beograd,,
Super Snack Bar 7,Beograd,,
Saint NBG,Beograd,,
Tortilla Casa Vračar,Beograd,,
Intergalactic Diner Novi Beograd,Beograd,,
Krusty Crveni krst,Beograd,,
Tri Šešira,Beograd,,
Starbucks Ušće,Beograd,,
Giros kod Bucka,Beograd,,
Good Food Vojislava Ilića,Beograd,,
Bao Fusion Dorćol,Beograd,,
Burrito Madre Ulica Gladnih,Beograd,,
Oklagija Kičevska,Beograd,,
UFO Intergalactic Stari Grad,Beograd,,
Kofilin Kneza Miloša,Beograd,,
Zlatni Bokal,Beograd,,
Collina SMASH Burgers Banovo Brdo,Beograd,,
Sač Resavska,Beograd,,
Smash Burgers Vračar,Beograd,,
Coffeedream Vračar,Beograd,,
Wok republic | Novi Beograd,Beograd,,
Super Snack Bar 5,Beograd,,
Collina Burgers Banovo Brdo,Beograd,,
Baltazar Voždovac,Beograd,,
Kofilin Beograd na vodi,Beograd,,
Walter Vračar,Beograd,,
Smash Burgers NBG,Beograd,,
Intergalactic Smash Vračar,Beograd,,
UFO Intergalactic Vračar,Beograd,,
URBAN BITES VOŽDOVAC,Beograd,,
Walter Cvetni trg,Beograd,,
Super Snack Bar 2,Beograd,,
Domaće Palačinke Grande NBG,Beograd,,
Sushi XO | Vračar,Beograd,,
Osam Vračar,Beograd,,
Monument Admiral,Beograd,,
Giros Miloš,Beograd,,
Hawaii Poke BG,Beograd,,
Milky Zemun,Beograd,,
Sushirrito Hangar Food Market,Beograd,,
Sač Prvomajska,Beograd,,
Sač Kraljice Marije,Beograd,,
Restoran Šumatovac,Beograd,,
Starbucks Hram,Beograd,,
Super Snack Bar 3,Beograd,,
Sushirrito Belvil,Beograd,,
Avocado Belville,Beograd,,
Smokvica - Jovanova,Beograd,,
Walter Novi Beograd,Beograd,,
Kafeterija  Čarli Čaplin,Beograd,,
Kafeterija  Belgrade Waterfront,Beograd,,
Go Sushi Vračar,Beograd,,
Sonder Cafe Vračar,Beograd,,
Smokvica - Molerova,Beograd,,
Mamine Palačinke Zvezdara,Beograd,,
Coffeedream Dedinje,Beograd,,
Knedly - babies,Beograd,,
Tortilla Casa NBG,Beograd,,
Kafeterija FON,Beograd,,
Princess Puff Ušće,Beograd,,
Sonder Cafe Gastrosor,Beograd,,
Sushi Boks Ada Mall,Beograd,,
URA! Russian Dumplings - 1,Beograd,,
Starbucks TLD,Beograd,,
Mamine palačinke Novi Beograd,Beograd,,
KFC - Galerija,Beograd,,
Mama Sara Hangar,Beograd,,
Kofilin Kneginje Zorke,Beograd,,
Bao Fusion Autokomanda,Beograd,,
Piatakia Zemun,Beograd,,
Fit Bar Vračar,Beograd,,
McDonald's Voždovac,Beograd,,
McDonald's BEO,Beograd,,
Žirafa 23,Beograd,,
Kafeterija Čubura,Beograd,,
Sushi XO | NBG,Beograd,,
Kafeterija  Neimar,Beograd,,
McDonald's Požeška,Beograd,,
KFC - Stadion,Beograd,,
Agi Pasta Away - Novi Beograd,Beograd,,
Boutique 3,Beograd,,
Gyro by Paprika,Beograd,,
Coffeedream Novi Dorćol,Beograd,,
Coffeedream BW,Beograd,,
Walter Zemun,Beograd,,
Fit Bar Hangar,Beograd,,
Coffeedream Strahinjića Bana,Beograd,,
Wok republic | Big Fashion,Beograd,,
Walter Zemun centar,Beograd,,
Cafe&factory 11,Beograd,,
Kafeterija Skyline,Beograd,,
Pomodoro Nuovo,Beograd,,
Kafeterija Dedinje,Beograd,,
McDonald's BIG Fashion,Beograd,,
Walter Ada Mall,Beograd,,
Princess Puff Galerija,Beograd,,
Good Dumplings (Ilije Garašanina),Beograd,,
Walter Palilula,Beograd,,
Le Nonne Vračar (spremljena jela i obroci),Beograd,,
Kafeterija Konjarnik,Beograd,,
Sugar Daddy,Beograd,,
Kafeterija Vračar,Beograd,,
Baget & Co. Downtown,Beograd,,
Go Sushi Crveni Krst,Beograd,,
Majstor i Margarita NBG,Beograd,,
Sač Blok 70,Beograd,,
Kafeterija Batutova,Beograd,,
Theta,Beograd,,
Bottega,Beograd,,
Coffeedream Arsenija Čarnojevića,Beograd,,
Kafeterija Fontana,Beograd,,
Piatakia NBG,Beograd,,
Kofilin Zemun,Beograd,,
Istok Hangar Novi Beograd,Beograd,,
Walter Savski Venac,Beograd,,
Kafeterija Palata Pravde,Beograd,,
Filiale,Beograd,,
Starbucks BEO,Beograd,,
Black White Novi Beograd,Beograd,,
Waffle Heart Zemun,Beograd,,
Kafeterija Banovo Brdo,Beograd,,
Bubble Factory Beo,Beograd,,
Baget & co Dvojka,Beograd,,
Starbucks Ada Mall,Beograd,,
Baltazar Zvezdara,Beograd,,
Walter Big Fashion Beograd,Beograd,,
Boutique 1,Beograd,,
Knedly Gavrila Principa,Beograd,,
Princess Puff Delta City,Beograd,,
Burrito Madre Bulevar Umetnosti,Beograd,,
Sač Banovo Brdo,Beograd,,
Cafe Lavash,Beograd,,
Paprika Food Hangar,Beograd,,
Walter Roda Mega,Beograd,,
Majstor i Margarita Bulevar,Beograd,,
Pancakes by Collina Banovo Brdo,Beograd,,
Coffeedream GTC,Beograd,,
Walter Piramida,Beograd,,
Walter Stadion Shopping Center,Beograd,,
Coffeedream Quartet 1,Beograd,,
Paprika food,Beograd,,
Kiklop Banovo Brdo,Beograd,,
SPICE Autokomanda,Beograd,,
Milky Vračar,Beograd,,
Monument Delta City,Beograd,,
McDonald's Galerija,Beograd,,
Ispeci pa reci Zvezdara,Beograd,,
Burrito Madre Svetozara Markovića,Beograd,,
Coffeedream Makenzijeva,Beograd,,
Walter Delta City,Beograd,,
Pomodoro Hill,Beograd,,
Sač Stari Merkator,Beograd,,
Kuvana jela by Čubura,Beograd,,
Smokvica - Airport city,Beograd,,
Kafeterija BIG Karaburma,Beograd,,
Kineski Restoran Lin8888,Beograd,,
Go Sushi Mercator,Beograd,,
KFC - Delta City,Beograd,,
Walter Banovo Brdo,Beograd,,
Bosiljak Pizza Napoletana,Beograd,,
Kafeterija | Pick'n Go Delta House,Beograd,,
Bistro du Vin,Beograd,,
Street Pasta Bar Bulevar,Beograd,,
Sač Nehruova,Beograd,,
Shawarma Hanan Beirut,Beograd,,
Pasta bar Novi Beograd by Prana,Beograd,,
Chaplin Pizzeria Zemun,Beograd,,
SPICE NBG,Beograd,,
Kafeterija  Airport City 2,Beograd,,
Posne Domaće Palačinke NBG,Beograd,,
Šaurmović BB,Beograd,,
Kafeterija Svetozara Markovića,Beograd,,
Burrito Madre TC Ada Mall,Beograd,,
Cafe&factory 8,Beograd,,
Walter BEO Shopping Center,Beograd,,
Coffeedream A Blok,Beograd,,
Creperie Njegoševa Palačinka,Beograd,,
Dva Štapića Nbg,Beograd,,
LAPPETIT Zvezdara,Beograd,,
Monument Galerija,Beograd,,
Gotova jela posno vegan Novi Beograd,Beograd,,
Gyropolis Novi Beograd,Beograd,,
Moja Salata Bar Vračar,Beograd,,
Cafe&factory 12,Beograd,,
Coffeedream Blok 19,Beograd,,
TT Bistro | BW Libera,Beograd,,
Super Snack Bar 4,Beograd,,
Restoran Orašac,Beograd,,
Agi Pasta Away - Tašmajdan,Beograd,,
Coffeedream Senjak,Beograd,,
Hanan Shawarma Damask,Beograd,,
Chick 'n Bun Autokomanda,Beograd,,
Burrito Madre Kalenić,Beograd,,
Sač Vračar,Beograd,,
Vraperija Vračar,Beograd,,
FLAMINGO VOŽDOVAC,Beograd,,
Poslastičarnica Pelivan | Beograd,Beograd,,
Sač Dušanovac,Beograd,,
Kaldi,Beograd,,
Kofilin Vračar,Beograd,,
Ararat Banovo Brdo,Beograd,,
Roštilj Kod Spaleta Jerković,Beograd,,
Peony Flower Restaurant 1,Beograd,,
Knedly Maksima Gorkog,Beograd,,
Carski Poh - Roštilj,Beograd,,
Coffeedream Klare Cetkin,Beograd,,
Fini Vračar,Beograd,,
Little India,Beograd,,
MrGreek - Gyros & Kebab,Beograd,,
Burrito Madre TC BIG,Beograd,,
Krispy Chicken,Beograd,,
Monument BEO,Beograd,,
Go Sushi Banovo Brdo,Beograd,,
Ćevabdžinica Savčić,Beograd,,
Zavičaj Oblakovska,Beograd,,
Burrito Madre TC Galerija,Beograd,,
Ramen shop by Zelen,Beograd,,
Knedly Novi Beograd,Beograd,,
Princess Puff Beo Shopping Centar,Beograd,,
Torta TC Stadion,Beograd,,
Temperament,Beograd,,
Thaigo,Beograd,,
Coffeedream Starine Novaka,Beograd,,
Carski Poh Zvezdara,Beograd,,
Miya,Beograd,,
Curry Souls Mercator,Beograd,,
Asia by XO,Beograd,,
Picerija Bela Kućica ,Beograd,,
Panda Chinese Food - Galerija,Beograd,,
Hawaii Poke NBG,Beograd,,
Burrito Madre Navigator,Beograd,,
Hungry Ridiculous Bear NBG | Šaurma/Šawarma/Шаверма,Beograd,,
Pizza Box,Beograd,,
Ćevaplija,Beograd,,
Kafeterija Pick'n Go Dvorana,Beograd,,
Go Sushi Ušće,Beograd,,
Monument BIG,Beograd,,
Caribic Pizza TC Stadion,Beograd,,
Amigos Buritos & Tacos,Beograd,,
Lure Palačinke,Beograd,,
Roštilj Slavonac Voždovac,Beograd,,
Knedly Banovo Brdo,Beograd,,
Coffeedream Braće Baruh,Beograd,,
Coffedream Beograđanka,Beograd,,
Burrito Madre TC Ušće,Beograd,,
Milky Novi Beograd,Beograd,,
Monument Ada Mall,Beograd,,
Pastel de Nata Belgrade,Beograd,,
Sakura,Beograd,,
Vegetarian food Voždovac,Beograd,,
Burrito Madre TC Stadion Shopping Centar,Beograd,,
Smash BRT Burger,Beograd,,
Mandarina Hangar,Beograd,,
Burrito Madre TC Delta City,Beograd,,
Pad Thai Wok,Beograd,,
Detox Fashion Love,Beograd,,
Agi Pasta Away - Maksima Gorkog,Beograd,,
Žirafa Vojislava Ilića,Beograd,,
Caribic Pizza Karaburma,Beograd,,
Haslers,Beograd,,
Nutyno Ada Mall,Beograd,,
Flamingo poke NBG,Beograd,,
Kafeterija |Pick'n Go Airport City,Beograd,,
Burrito Madre TC Beo,Beograd,,
Bamboo Panda Asian food,Beograd,,
Asia Food Gong,Beograd,,
Moja salata bar West 65,Beograd,,
Domaće Palačinke NBG,Beograd,,
Mandarina Vračar,Beograd,,
Coffeedream Hangar,Beograd,,
Coffeedream Ada Mall,Beograd,,
Cantina Mediterraneo by Fishek,Beograd,,
Mister Wang Novi Beograd,Beograd,,
Pizzagram Njegoševa,Beograd,,
CAFE&FACTORY 3,Beograd,,
Sač Voždovac,Beograd,,
Slatkoteka Novi Beograd,Beograd,,
Pobednik Zemun,Beograd,,
Kod Debelog Zemun,Beograd,,
Go Sushi Belvil,Beograd,,
Top Boy Burgers,Beograd,,
Tradicija nacionalni restoran,Beograd,,
Vraperija Belvil,Beograd,,
Pasta Pietro,Beograd,,
Ćevap kod Dekija NBG,Beograd,,
Uramaki,Beograd,,
Pizza Station,Beograd,,
Prana Poke Vračar,Beograd,,
Sač Konjarnik,Beograd,,
Flamingo Poke,Beograd,,
Coffeedream Dimitrija Tucovića,Beograd,,
Stara Hercegovina Tošin bunar,Beograd,,
Moon Sushi NBG,Beograd,,
Fat Boys NBG,Beograd,,
Girosito,Beograd,,
Healthy fast food Toto - NBG,Beograd,,
Pečenjara Marinković Zemun,Beograd,,
Kuvana jela by Kolonija Zemun,Beograd,,
Restoran Lovac,Beograd,,
NUTYNO (NUTELLINO),Beograd,,
Zavičaj Zvezdara,Beograd,,
Pile & Poh,Beograd,,
Tropic Banovo Brdo,Beograd,,
Pinokio 2,Beograd,,
Cafe Music Cake & Ice Ada Mall,Beograd,,
Cafe Music TC Stadion,Beograd,,
Cafe Music West 65,Beograd,,
Pasta Bar by Prana Vračar,Beograd,,
Pab Klopa i Pivo 1,Beograd,,
Sushidream NBGD,Beograd,,
Shangri-la,Beograd,,
Siberia Voždovac,Beograd,,
Ćao Šećeru NBG,Beograd,,
Picerija Torino,Beograd,,
Lin Kee Chinese Restaurant,Beograd,,
Bad Guys Novi Beograd,Beograd,,
Byblos – Urban Lebanese Street Food,Beograd,,
Emma Pizza & Cocktails Vračar,Beograd,,
Mister Wang Vračar,Beograd,,
Tošin bunar,Beograd,,
Intergalactic Smash Stari Grad,Beograd,,
Krusty Mercator,Beograd,,
UFO Intergalactic Novi Beograd,Beograd,,
Gyro by Paprika Hangar,Beograd,,
Two Guys Zeleni Venac,Beograd,,
Šiš ćevap Mig,Beograd,,
Leskovac u malom 3,Beograd,,
Beishanlang,Beograd,,
Cezar Gastro,Beograd,,
Krug picerija,Beograd,,
Kod Krojača,Beograd,,
Debeli Medved,Beograd,,
Gorilla burger bar,Beograd,,
Cento Lire,Beograd,,
Chicago Burger Bulevar,Beograd,,
Burger & Palačinka MAX,Beograd,,
Gyros Zone,Beograd,,
Sushi Wokaround,Beograd,,
Red Wings Vukov Spomenik,Beograd,,
Homemade Pancakes Bulevar,Beograd,,
Hungry 63,Beograd,,
Sanmao,Beograd,,
Pasta by Red Wings BG,Beograd,,
PREMIUM,Beograd,,
Roštilj Bar,Beograd,,
Berezka Dorćol,Beograd,,
Sentimenti,Beograd,,
Kaiserschmarrn,Beograd,,
Gyros In City,Beograd,,
Wokaround,Beograd,,
Ž Burger Dorćol,Beograd,,
Čarolije ukusa,Beograd,,
Elephant Express - Asian Fusion,Beograd,,
Latife Street Food,Beograd,,
Fit Fit Fit,Beograd,,
Xinjiang Cousine,Beograd,,
Giraffe Express,Beograd,,
ELPotato,Beograd,,
Ćufte.rs Fit,Beograd,,
Beogradska Pljeskavica Lukić,Beograd,,
Embers,Beograd,,
Pijacburg,Beograd,,
Klinika Gastro Pub,Beograd,,
Voulez Vous,Beograd,,
Restoran picerija Atos 2,Beograd,,
L’Entrecote,Beograd,,
Markoni palačinke & sendviči,Beograd,,
MC Giros,Beograd,,
Tsunami,Beograd,,
Aligator,Beograd,,
W Sushi - Galerija,Beograd,,
Brunch To Go Vračar,Beograd,,
BRZA HRANA HULIO,Beograd,,
Arlecchino pizzeria,Beograd,,
Sushi Wasabi,Beograd,,
SKYLINE PIZZA,Beograd,,
Prilog Plus,Beograd,,
Restoran Kolo,Beograd,,
Kuvana jela Druga Baka NBG,Beograd,,
100% Segreto,Beograd,,
Coffee Bean,Beograd,,
Stepin Vajat Bulevar,Beograd,,
Good Food Zeleni Venac,Beograd,,
Stepin Vajat Autokomanda,Beograd,,
Kiklop Novi Beograd,Beograd,,
Caribic Pizza Slavija,Beograd,,
Banjalučki ćevap,Beograd,,
Favola Grill Novi Beograd,Beograd,,
FLAMINGO BAČVANSKA,Beograd,,
Favola kuvana jela Novi Beograd,Beograd,,
Pizza Atos,Beograd,,
Caribic Pizza Novi Beograd,Beograd,,
Favola,Beograd,,
Favola Zemun,Beograd,,
Homemade Pancakes,Beograd,,
Favola Smash Burgers Zemun,Beograd,,
Žar Mance Bulevar,Beograd,,
Banjalučki ćevap 1974,Beograd,,
Favola Smash Burgers,Beograd,,
BigPizza Bačvanska +,Beograd,,
BigPizza Autokomanda +,Beograd,,
TAM Favola,Beograd,,
Chicago Burger,Beograd,,
Favola kuvana jela,Beograd,,
Two Guys Banovo Brdo,Beograd,,
Berezka Vračar,Beograd,,
SLOJ bistró & bakery,Beograd,,
Berezka Novi Beograd,Beograd,,
Ž burger Vračar,Beograd,,
Voulez Vous Etage,Beograd,,
Voulez Vous Novi,Beograd,,
Favola Grill,Beograd,,
Pizza na drva kod Mašinca 27. Marta,Beograd,,
Kuvana jela Druga Baka,Beograd,,
Capone SD,Beograd,,
TAM Favola SD,Beograd,,
Capone Food SD,Beograd,,
Favola Grill SD,Beograd,,
Play Sushi,Beograd,,
Pizza Plus Pasta & Giros Paunova,Beograd,,
Stepin Vajat Vidikovac,Beograd,,
Maboo Street Food,Beograd,,
Bueno Pizza,Beograd,,
Pizza di passione 45,Beograd,,
Generacija roštilj,Beograd,,
Verona Cut,Beograd,,
Mau-mau,Beograd,,
Soya Sos Autokomanda,Beograd,,
Domaće Palačinke Padrino,Beograd,,
Falafel Saidović,Beograd,,
Leskovački roštilj kod Ace,Beograd,,
Spitiko Authentic Greek Grill,Beograd,,
J & P Sushi Bowl Beograd,Beograd,,
Bros pasta bar,Beograd,,
SO YUMMY,Beograd,,
Tri Vola,Beograd,,
Pizza Plus Ratka Mitrovica,Beograd,,
Pite i meso ispod sača,Beograd,,
Monkey Garden,Beograd,,
Restoran Mavijan,Beograd,,
Don Negro,Beograd,,
Kod Biljančice,Beograd,,
Pizza Spot,Beograd,,
Burger Hub - Premium Smash,Beograd,,
Green pizza,Beograd,,
Fast Food Mavijan,Beograd,,
Sidro Fish & Bar,Beograd,,
Roštilj Kod Ive,Beograd,,
Матрешка - Matreška,Beograd,,
Ribarnica kod Kuma,Beograd,,
Mesara i pečenjara B&B,Beograd,,
City King,Beograd,,
Restoran Kod Dobrog Domaćina,Beograd,,
Collina kuhinjica,Beograd,,
Sendvič Bar Atelje,Beograd,,
Baš dobre palačinke,Beograd,,
GLADNA SOVA,Beograd,,
Picerija Panda 011,Beograd,,
Avantgarden Gastro Bar,Beograd,,
Chaplin Pizzeria Žarkovo,Beograd,,
Coka Bar,Beograd,,
Zrno Pirinča,Beograd,,
Pancake House 011,Beograd,,
Ćevap i krilce,Beograd,,
J'EAT,Beograd,,
TABLE Pizza Napoletana,Beograd,,
 PIZZA KAZERTA,Beograd,,
Pandica,Beograd,,
MARE 016 K.L.T.,Beograd,,
X FOOD,Beograd,,
Piccola cucina 23,Beograd,,
Vuk Premium,Beograd,,
RESTORAN RICH,Beograd,,
Enigma Bar & Restaurant,Beograd,,
Mammita Pizzeria,Beograd,,
Gerasimof Sushi,Beograd,,
Kung Food,Beograd,,
BADA BING,Beograd,,
Nanine Palačinke,Beograd,,
Plus Restoran - BIG Rakovica,Beograd,,
Zona plus - Domaća jela i ketering,Beograd,,
Blunch,Beograd,,
Pizzeria Gemelli,Beograd,,
Imperfetto - Pizza Napoletana,Beograd,,
Žarli,Beograd,,
Pizzeria Impero,Beograd,,
Kuća Domaćih Mekika,Beograd,,
Vrh Zalogaj,Beograd,,
Pizzeria Stivale,Beograd,,
Bite District Smoke & Co,Beograd,,
Baš Ćevap Trebevićka,Beograd,,
Kafa Tost Waffle,Beograd,,
Kafana Kod Šefa,Beograd,,
Nanina Kutlača,Beograd,,
Roštilj General,Beograd,,
Etna Picanta,Beograd,,
CHAOS,Beograd,,
Lele Bato,Beograd,,
Pizza Angolo,Beograd,,
Na Starom Mestu - Gril i tradicija,Beograd,,
Trattoria by Premier 1984,Beograd,,
Pink Restoran,Beograd,,
Premium Wings,Beograd,,
La Peky Žarkovo,Beograd,,
Gajba Burger Bar,Beograd,,
Smash Crib Burgers,Beograd,,
Bo La La,Beograd,,
Zmajevo gnezdo,Beograd,,
Pashe,Beograd,,
iSnack,Beograd,,
Avenue Caffe Restaurant,Beograd,,
Crustino Pizzeria,Beograd,,
La Grande Porta,Beograd,,
Johnny's Food,Beograd,,
Dobri gurman,Beograd,,
Džoova domaća poslastičarnica,Beograd,,
Una Hit kuvana jela,Beograd,,
Beka Ceo Sweet Banjica,Beograd,,
Pivce i Krilce Pub,Beograd,,
Kuvana jela by Kolonija,Beograd,,
Gajba Beer Bar,Beograd,,
Mreža 011,Beograd,,
Devetka,Beograd,,
DR Maksimus,Beograd,,
Sorrento BG,Beograd,,
Golden Wok,Beograd,,
Basilico Felix,Beograd,,
Restoran Filtz,Beograd,,
Wendy home of Chinese specialties,Beograd,,
Ribarnica.com,Beograd,,
Food Plus,Beograd,,
Aztec,Beograd,,
Smash & Melt Burger – Chef’s Selection,Beograd,,
10 u pola s lukom,Beograd,,
Pizza Plus TC Banjica,Beograd,,
Pizza na drva Mikele  BG,Beograd,,
Azzurro Mare 998,Beograd,,
Stara Hercegovina Kneza Višeslava,Beograd,,
Ladovina Pub,Beograd,,
Homer,Beograd,,
Restoran Kod Dače B.,Beograd,,
C’est la vie BG,Beograd,,
Storia pizzeria,Beograd,,
Walker Pizzeria,Beograd,,
Route 45,Beograd,,
Burger Kutak,Beograd,,
Sibirska noć,Beograd,,
"Palačinkarnica ""Mam's""",Beograd,,
Pizza Locale,Beograd,,
Lesko Žar,Beograd,,
Dom Pastrmajlija,Beograd,,
Rocket Palačinke,Beograd,,
IN fast food,Beograd,,
Benefit,Beograd,,
Banjički Slavuj,Beograd,,
Kafanica M.M. Lug,Beograd,,
BG Mania,Beograd,,
Naše Kafanče BG,Beograd,,
Picerija Ana,Beograd,,
Ristorante Pizzeria Status,Beograd,,
Pub Kolonija,Beograd,,
Amigo Bar,Beograd,,
Restoran Papilon,Beograd,,
Kafana Kod Neše,Beograd,,
Pizzeria Dragulj,Beograd,,
Standard 1 Cafe,Beograd,,
Splav Viva,Beograd,,
Corner Street food BG,Beograd,,
Sushi Point,Beograd,,
Restoran Pavone,Beograd,,
Panda Burger,Beograd,,
Dolly Bell Petica,Beograd,,
ĆUKU-ĆUKU,Beograd,,
Piu Piu,Beograd,,
Kod Mića 011,Beograd,,
BigPizza Autokomanda,Beograd,,
Bash Smash Burgers Brdo,Beograd,,
Novi Duff Žarkovo,Beograd,,
Baltazar SD,Beograd,,
Saint Vidikovac,Beograd,,
McDonald's Rakovica,Beograd,,
Super Snack Bar 6,Beograd,,
McDonald's Žarkovo,Beograd,,
BigPizza Vidikovac +,Beograd,,
Posne Domaće Palačinke 3,Beograd,,
Good Food Žarkovo,Beograd,,
Kod Leskovčanina Banjica,Beograd,,
Pečeni Pilići 2,Beograd,,
Giros kod Bucka 2,Beograd,,
Smash Burgers Banovo Brdo,Beograd,,
Tortilla Casa Vidikovac,Beograd,,
Kuvana jela by Kolonija Vidikovac,Beograd,,
Domaće Palačinke Grande 3,Beograd,,
Roštilj i ribarnica Jovanović 2,Beograd,,
Domaće Palačinke Bulevar,Beograd,,
Walter Voždovac,Beograd,,
Sač Vidikovac,Beograd,,
Walter Rakovica,Beograd,,
Tropic Novi Beograd,Beograd,,
Sač Filmski grad,Beograd,,
SPICE Banovo Brdo,Beograd,,
FORMA | VOŽDOVAC,Beograd,,
Torta NBG,Beograd,,
Pečenjara Marinković Novi Beograd,Beograd,,
Roštilj Slavonac Blok 44,Beograd,,
Sač Banjica,Beograd,,
Giros kod Bucka 5,Beograd,,
FLAMINGO VIDIKOVAC,Beograd,,
Žar Mance Novi Beograd,Beograd,,
Milky Žarkovo,Beograd,,
Roštilj Slavonac Bele Vode,Beograd,,
Bueno Zvezdara,Beograd,,
Leskovački Roštilj Beca,Beograd,,
Caribic Pizza Vidikovac,Beograd,,
Naj Pizza & Sendvič Bar,Beograd,,
Premium Index Miljakovac,Beograd,,
Pizzeria Zona 20 - Naselje Stepa,Beograd,,
Tropic Grill Banjica,Beograd,,
Burger industrija,Beograd,,
Žar Mance,Beograd,,
Kajmak,Beograd,,
Mister Wang Miljakovac,Beograd,,
Bueno Burgeri,Beograd,,
TeVi Palačinke,Beograd,,
Fat & Fit,Beograd,,
Picerija Simaro,Beograd,,
SNACKLAB,Beograd,,
WokUp 1,Beograd,,
Leskovački roštilj,Beograd,,
McDonald's BIG Rakovica DT,Beograd,,
URBAN BITES VIDIKOVAC,Beograd,,
Pizzeria MVP SD,Beograd,,
McDonald's Zmaj,Beograd,,
Amelia pizza,Beograd,,
Urban bites Zemun,Beograd,,
Restaurant Pizzeria Picasso,Beograd,,
Kineski restoran Shiming,Beograd,,
Teddy's Crepes,Beograd,,
Sauce&Pizza,Beograd,,
Bum 016 BG,Beograd,,
The Boyz Smash burger ,Beograd,,
Kafeterija Zemun,Beograd,,
Domaće Al' naše,Beograd,,
Činka,Beograd,,
Fenix pica bar,Beograd,,
Time Story,Beograd,,
Burger Zemunske kapije,Beograd,,
Restoran Friday's Fried Chicken,Beograd,,
Crosto Pizzeria,Beograd,,
Pica Na Drva Mia,Beograd,,
BIG čudesa od mesa,Beograd,,
Žar Mance Galenika 2024,Beograd,,
Yan Yu,Beograd,,
Restoran pečenjara Tri praseta,Beograd,,
Restoran Šangaj,Beograd,,
Grill Markoni Zemun,Beograd,,
Lucky Star- Wok& Dumplings,Beograd,,
Mesara BIN,Beograd,,
Zar i More ex Happy Fish,Beograd,,
Fast Food Tenzija,Beograd,,
Beast Kitchen,Beograd,,
Camy lunch bar,Beograd,,
Restoran Bella Napoli kod Garića,Beograd,,
Pizza e Pasta Pazza,Beograd,,
Roštilj kod Coleta,Beograd,,
Grill Kod Ahmeta,Beograd,,
Grill Buffalo,Beograd,,
Giros Pizza Ja & Majka,Beograd,,
Roštilj Mirković,Beograd,,
PizzaTown,Beograd,,
Pizzeria Di Roma,Beograd,,
Kafana Vamo Tamo,Beograd,,
Kafanica naše široko srce,Beograd,,
MEI SHI HUI ,Beograd,,
Soya Sos Novi Beograd,Beograd,,
Caffe DoBar,Beograd,,
Restoran Ž,Beograd,,
Sauce&Pasta,Beograd,,
Amos picerija,Beograd,,
T100,Beograd,,
Restoran Yong Xuan Chinese,Beograd,,
BKS Food,Beograd,,
Pile Žile,Beograd,,
Pizzeria Fenix Ledine,Beograd,,
"Steamy Bites ""Canaan Food""",Beograd,,
Roštilj Slavonac Bežanija,Beograd,,
Restoran Sloga,Beograd,,
Fast Food kao kod Jele,Beograd,,
Tivoli foods,Beograd,,
Gangam Chinese Restaurant,Beograd,,
Okusi Istok kod Martina,Beograd,,
Bejing Berry,Beograd,,
Pizzeria MVP,Beograd,,
FLAMINGO ZEMUN,Beograd,,
Walter BN Boss,Beograd,,
Planet Burger,Beograd,,
Panoramix Zemun,Beograd,,
Creamy Jimmy Zemun,Beograd,,
Creamy Jimmy CornDog,Beograd,,
Bonaca Bella,Beograd,,
Pizza Tazmanija,Beograd,,
Aj Ako Smash Burger,Beograd,,
Walter Mirijevo,Beograd,,
Carski Poh Mirijevo,Beograd,,
Sač Mirijevo,Beograd,,
Tessto,Beograd,,
Fabrika BG,Beograd,,
Picerija Panorama - Napoletana testo,Beograd,,
MILENIN MERAK NA PARU,Beograd,,
Sushirrito Vračar,Beograd,,
Maestro,Beograd,,
Pećko,Beograd,,
Sushi San,Beograd,,
Vajat 016,Beograd,,
Restoran Semberski Raj,Beograd,,
ATANASKOVIC S,Beograd,,
Cherrry Sky,Beograd,,
The Queen,Beograd,,
Fratelli Pizzeria,Beograd,,
Banjalučki ćevap Dobro Mirijevo,Beograd,,
Lola Sweet and Coffee,Beograd,,
Home Pizza & Grill,Beograd,,
New York Slice Pančevo,Beograd,,
Stepin Vajat Pančevo,Beograd,,
Cheese N Beef,Beograd,,
Kod Tete,Beograd,,
Chicken Boss,Beograd,,
McDonald's Aviv Park,Beograd,,
Smash no Pass,Beograd,,
Kod Tomu Leskovčanina,Beograd,,
Wrap Store,Beograd,,
MENG QI,Beograd,,
Buba,Beograd,,
Baden Baden Pizzeria,Beograd,,
Napoli Mlj,Beograd,,
Pekara San,Beograd,,
Walter BIG Pančevo,Beograd,,
Milky Pančevo,Beograd,,
Peperoncino,Beograd,,
Republika Fud | PA,Beograd,,
Picerija Kula,Beograd,,
Dolce Pizza,Beograd,,
Burrito Madre TC BIG Pančevo,Beograd,,
Top Pizza,Beograd,,
Soul kućica,Beograd,,
Konoba 32,Beograd,,
Maćado BRE,Beograd,,
Palačinke Kod Milevice,Beograd,,
Klub Dvorište,Beograd,,
Bistro Kokoschka,Beograd,,
Poco Loco,Beograd,,
Publika Gastro Pub,Beograd,,
Ćufters,Beograd,,
Kineski Restoran Domaće Kuhinje,Beograd,,
Miličina Kuhinja,Beograd,,
Hotel Borneo,Beograd,,
Knedly - Pančevo,Beograd,,
Picerija Kalimero 013,Beograd,,
Napoli Ketering,Beograd,,
Batačić,Beograd,,
Restoran Trešnjica,Beograd,,
Hedonist,Beograd,,
Maršal Ćevap Bar,Beograd,,
Pizza Shop,Beograd,,
Soul Food Restoran,Beograd,,
Kod Buce 013,Beograd,,
Gradska Pivnica Dilemma,Beograd,,
Grill Rustico,Beograd,,
Restoran Ćevabdžinica David 013,Beograd,,
Restoran Stara Vodenica,Beograd,,
PET PLUS VT,Beograd,,
Ninina Kuhinja | PA,Beograd,,
Mood,Beograd,,
Carstvo Ukusa,Beograd,,
Kafana Evropa,Beograd,,
Komplet Lepinje Kod Une,Beograd,,
Gastro Shock,Beograd,,
Carska Krilca,Beograd,,
Restoran Padrino,Beograd,,
Corner Place Bistro,Beograd,,
Kuvana Jela MIS Ketering,Beograd,,
Soul Food River,Beograd,,
Restoran Šato,Beograd,,
Kubata,Beograd,,
Mesara Roštilj MIS,Beograd,,
Caffe Pizzeria Aleksandra,Beograd,,
Pizza Grill 23,Beograd,,
Restoran JIABAO 888,Beograd,,
Bamboo Pančevo,Beograd,,
Meraki Giros Pancevo,Beograd,,
Giros Kod Grka Papadopulos,Beograd,,
Šiš Zona 24h,Novi Sad,,
Grekos Giros 24h,Novi Sad,,
Kuća kobasice 24h,Novi Sad,,
Grm Food 24h,Novi Sad,,
Chicken Chill 2,Novi Sad,,
BigPizza Novi Sad,Novi Sad,,
McDonald's Park,Novi Sad,,
Simply Good Food,Novi Sad,,
Joker Palačinkarnica,Novi Sad,,
Hot Pizza,Novi Sad,,
Index Leo,Novi Sad,,
White Smash,Novi Sad,,
Index Mirjana Pašićeva,Novi Sad,,
Index šestica,Novi Sad,,
World Index Sandwich,Novi Sad,,
Roštilj Tara,Novi Sad,,
Burger House Bros. Novi Sad,Novi Sad,,
Palačinkarnica Ljubav,Novi Sad,,
Caribic Pizza Hadži Ruvimova,Novi Sad,,
Arthur Gyros,Novi Sad,,
New Now Nuggets,Novi Sad,,
Napolitana Amerikana,Novi Sad,,
Fry Factory,Novi Sad,,
Grill & Wings,Novi Sad,,
Gyros Master,Novi Sad,,
Sushi XO Novi Sad,Novi Sad,,
Amigos chicken wings,Novi Sad,,
Larks Cafe,Novi Sad,,
Minuta,Novi Sad,,
Banjalučki šiš ćevap,Novi Sad,,
Cheat Day,Novi Sad,,
Okis cakes and cafe,Novi Sad,,
Harpun - Riba na žaru,Novi Sad,,
Pile na grilu - Kobac,Novi Sad,,
Favola Novi Sad,Novi Sad,,
Burger King Bar Sokačić,Novi Sad,,
GrizMix,Novi Sad,,
Miris Hiljadu Avenija,Novi Sad,,
Sushirrito Dunavska,Novi Sad,,
Leto Shawarma & Dumplings NS,Novi Sad,,
Loft TC Big,Novi Sad,,
Lepo Lepim,Novi Sad,,
Tako,Novi Sad,,
Fast Balkan,Novi Sad,,
Gyros Heroes NS,Novi Sad,,
LT Pasta Bar,Novi Sad,,
Alimento,Novi Sad,,
Doza Brunch and Deli,Novi Sad,,
Gelato Novi Sad,Novi Sad,,
CHEWS,Novi Sad,,
Kod Luke,Novi Sad,,
Kuvana Priča,Novi Sad,,
Dream Cakes by Jelena,Novi Sad,,
RAF cafe,Novi Sad,,
TI SI OVDE,Novi Sad,,
e Langoš,Novi Sad,,
Mali Trg Novi Sad,Novi Sad,,
Nacionalna kuća 5+,Novi Sad,,
Gril Mimi 021,Novi Sad,,
Piletina King bar - Sokačić,Novi Sad,,
Bajtić,Novi Sad,,
Pastino Pasta Bar,Novi Sad,,
Al Dente,Novi Sad,,
Kafeterija  Novi Sad,Novi Sad,,
KFC - TC Big,Novi Sad,,
Geo Grill,Novi Sad,,
Restoran Petrus,Novi Sad,,
Pizzeria Prima,Novi Sad,,
Burgerland NS,Novi Sad,,
Nebo poslastičarnica,Novi Sad,,
Pad Thai,Novi Sad,,
Nacho Sombrero Bar,Novi Sad,,
Ola Kala Gyros,Novi Sad,,
Gyros Max,Novi Sad,,
Šmek palačinke iz tiganja,Novi Sad,,
Ginger,Novi Sad,,
Sugar Daddy Novi Sad,Novi Sad,,
Žar Mance NS,Novi Sad,,
Macchiato XII Apostola,Novi Sad,,
Ambiente & Bratić the chef,Novi Sad,,
Medved - Ruska Kuhinja,Novi Sad,,
Pastis caffe & restaurant,Novi Sad,,
Kamion food truck BIG,Novi Sad,,
LA Fresh,Novi Sad,,
Manoir Caffe & Pizzeria,Novi Sad,,
Vatreni Zalogaj,Novi Sad,,
Zmaj Noodle,Novi Sad,,
Le Bol NS,Novi Sad,,
Giardino,Novi Sad,,
Arena Pub,Novi Sad,,
Corso,Novi Sad,,
Kod Komše NS,Novi Sad,,
Kineske knedle,Novi Sad,,
Roštilj kod Jefte,Novi Sad,,
Fika Coffee Shop,Novi Sad,,
GURMANS,Novi Sad,,
Palačinkarnica Izzy,Novi Sad,,
Papa's pizza,Novi Sad,,
Kofilin Dunavska,Novi Sad,,
Pizzeria Soko,Novi Sad,,
Kantina Foodzilla,Novi Sad,,
Green Steak,Novi Sad,,
Studio Shawarma,Novi Sad,,
Cecina Kuhinja,Novi Sad,,
Sarajevski ćevap kod Dakca,Novi Sad,,
Pizza skoro metar,Novi Sad,,
Pizza Servis Roma,Novi Sad,,
Kafana Šešir,Novi Sad,,
Panzerotti No.1,Novi Sad,,
Sweet & Green,Novi Sad,,
Kibic korner,Novi Sad,,
Palačinkarnica Plavi,Novi Sad,,
Burrito Madre Novi Sad TC Big,Novi Sad,,
Palačinkarnica Slatka Tajna,Novi Sad,,
Tiho i toplo,Novi Sad,,
Nova Pivnica,Novi Sad,,
Pljeska House,Novi Sad,,
Roštilj kod Jefte 1,Novi Sad,,
Zen Yai,Novi Sad,,
Užička komplet lepinja,Novi Sad,,
Bao Bora,Novi Sad,,
Ognjište Roštilj na kilo - Kralja Petra,Novi Sad,,
Don Food,Novi Sad,,
Mali Balkan,Novi Sad,,
Tortilla Casa Sajam,Novi Sad,,
The Risotto bar - risotto & pasta NS,Novi Sad,,
Pivnica Mamurni Ljudi,Novi Sad,,
Boom Boom palačinkarnica,Novi Sad,,
Gurmanski kutak 021,Novi Sad,,
Fluffy Pancakes,Novi Sad,,
Masti & Leba,Novi Sad,,
TON • Health & Hedonism,Novi Sad,,
Walter BIG Novi Sad,Novi Sad,,
Kevine Palačinke,Novi Sad,,
Del Forno,Novi Sad,,
Topli Zalogaj,Novi Sad,,
SPUD NS,Novi Sad,,
Agi Pasta Away - Centar,Novi Sad,,
Šeherezada,Novi Sad,,
Kod Šuljage,Novi Sad,,
Quick Duck,Novi Sad,,
Pasta Time,Novi Sad,,
DUTCH MINI PALAČINKE,Novi Sad,,
Krofnoland,Novi Sad,,
Index Grill House,Novi Sad,,
4 Činije,Novi Sad,,
Filipenko Coffee Bar,Novi Sad,,
Toster Bar,Novi Sad,,
S&S Fast Food,Novi Sad,,
Roštilj na kilogram,Novi Sad,,
Minimoon,Novi Sad,,
KAMAĐO FOOD,Novi Sad,,
Padrinos pizzeria,Novi Sad,,
Kod Mama Nede,Novi Sad,,
Mika’s Palačinkarnica,Novi Sad,,
Prikolica,Novi Sad,,
Valtehe,Novi Sad,,
Space Pancakes,Novi Sad,,
Multi Tarte - Tri Leće Hub,Novi Sad,,
Sushi Market,Novi Sad,,
wokwokwok,Novi Sad,,
Coffee Bara,Novi Sad,,
Drago mi je ,Novi Sad,,
Zarićev vajat Bulevar,Novi Sad,,
Galeon Cafe,Novi Sad,,
Gojko's Pizza,Novi Sad,,
Roštilj by Žaromanija,Novi Sad,,
Easy Ready NS,Novi Sad,,
Arkadija,Novi Sad,,
Central Kitchen,Novi Sad,,
Crema Cafe,Novi Sad,,
Bakino Ćoše,Novi Sad,,
Blinok NS,Novi Sad,,
Kineski 88,Novi Sad,,
TACO BELL NOVI SAD,Novi Sad,,
Kung Fu Chicken,Novi Sad,,
Meridiana food & more,Novi Sad,,
The Dubal's restaurant,Novi Sad,,
Michelangelo,Novi Sad,,
Enter Sushi,Novi Sad,,
Irish pub Red Cow,Novi Sad,,
Mr Baker,Novi Sad,,
Atrium Hamam,Novi Sad,,
Palermo Roštilj na ćumuru,Novi Sad,,
Stroganov Family,Novi Sad,,
Stribor Mexican Express,Novi Sad,,
La Foca,Novi Sad,,
Olymp Gyros,Novi Sad,,
Šećernema,Novi Sad,,
Andjela ketering kuvano,Novi Sad,,
Restaurant Dynamic Bar,Novi Sad,,
Flying Dutchman,Novi Sad,,
Zdravo od Biljke,Novi Sad,,
Wiseguy sandwiches,Novi Sad,,
Pizza Cut,Novi Sad,,
Shelly’s Smash Burgers,Novi Sad,,
Lowcal,Novi Sad,,
PINK ĆEVABDŽINICA NS,Novi Sad,,
Lanterna,Novi Sad,,
Kuća kuvanih jela,Novi Sad,,
Berlin Doner Kebab,Novi Sad,,
San Francisco Pizza,Novi Sad,,
Bakino dvorište,Novi Sad,,
Čudesa od mesa iz Leskovac,Novi Sad,,
Index Tortilja King bar - Sokačić,Novi Sad,,
Doner Kebab King,Novi Sad,,
Mix & Match by Hawaii Poke,Novi Sad,,
Pizza Napolitana,Novi Sad,,
Koneti Juice & Coffee,Novi Sad,,
Marinada Bar ,Novi Sad,,
Restoran Madam,Novi Sad,,
KrompirCo.,Novi Sad,,
Ribarnica Dnevni Ulov,Novi Sad,,
Restoran Soha,Novi Sad,,
Poket Pizza by Baker,Novi Sad,,
O'Nigiri,Novi Sad,,
Kafe Madam Njam Njam,Novi Sad,,
Sosa i mesa,Novi Sad,,
Ognjište 2.0.,Novi Sad,,
Mood 4 food,Novi Sad,,
Čika Pero,Novi Sad,,
Stevča Pizza & Salad Bar!,Novi Sad,,
Pileće krilce Orly 021,Novi Sad,,
Pizzeria Bajka,Novi Sad,,
Vida,Novi Sad,,
Zdrava Salata,Novi Sad,,
Skočko,Novi Sad,,
Check In Thai,Novi Sad,,
Šerpas Gastro Bar,Novi Sad,,
Balkan Bite,Novi Sad,,
Roštilj Arambaša,Novi Sad,,
Forno Romano,Novi Sad,,
Restoran Zlatnik,Novi Sad,,
Yume Sushi Bar NS,Novi Sad,,
Banjalučki ćevap Gajeva,Novi Sad,,
Lievito,Novi Sad,,
LA PARTENZA,Novi Sad,,
Coffeedream Bulevar,Novi Sad,,
Waffle Boss,Novi Sad,,
Restoran Maša,Novi Sad,,
Restoran Trezor,Novi Sad,,
Ruchak,Novi Sad,,
Kineski Kung Fu,Novi Sad,,
Massimo,Novi Sad,,
Puberaj,Novi Sad,,
HEALTHY BITE,Novi Sad,,
Casa Verde Kafa & Kafa,Novi Sad,,
TurboWok,Novi Sad,,
Brunch Lounge Merkator,Novi Sad,,
La Brasa,Novi Sad,,
Rekalibracija,Novi Sad,,
Corso Restoran i pekara,Novi Sad,,
Ribarnica Bio Fish,Novi Sad,,
Tvoja Pilja - Healthy food bite,Novi Sad,,
Exclusive green,Novi Sad,,
Ellas Gyros,Novi Sad,,
Mister Činkos,Novi Sad,,
Tension Has Bar,Novi Sad,,
Veliki cafe & restaurant,Novi Sad,,
Brunch Lounge BIG,Novi Sad,,
Sushi Fresh Novi Sad,Novi Sad,,
Teletina i butkice,Novi Sad,,
Samo Pasta,Novi Sad,,
Groot Gyros - Sajmište,Novi Sad,,
Ćevap.ba,Novi Sad,,
Trojka 021,Novi Sad,,
Dva Štapića Novi Sad,Novi Sad,,
Pizza District,Novi Sad,,
Grill 5,Novi Sad,,
Salaš Teglica,Novi Sad,,
Bob Chicken,Novi Sad,,
Brunch Sweets,Novi Sad,,
Gabby cafe & bar,Novi Sad,,
Pivnica BeerCuz,Novi Sad,,
Thai Wok NS,Novi Sad,,
Walt Disney Palačinkarnica,Novi Sad,,
Lepi Pile,Novi Sad,,
Ručak kod Nane,Novi Sad,,
Restoran Vojvoda,Novi Sad,,
Kuća Mala,Novi Sad,,
Beef Noodle King,Novi Sad,,
Novi Colosseum,Novi Sad,,
PASTA ORIDJIDJI ITALIJANO,Novi Sad,,
Comida Sanchez,Novi Sad,,
Pizzeria Bocelli,Novi Sad,,
Palačinkarnica Slatki Grijeh,Novi Sad,,
PIZZERIA KOD MOME,Novi Sad,,
Fresh 'n' Resh,Novi Sad,,
Fenix anđelo palačinkarnica,Novi Sad,,
Kod Debelog Sremca,Novi Sad,,
Dragon Bubble Tea Novi Sad,Novi Sad,,
Slatki zalogaj D&D,Novi Sad,,
Šalter Street Food,Novi Sad,,
Mandarina Cake Shop - Novi Sad,Novi Sad,,
Urnebes,Novi Sad,,
Salatina,Novi Sad,,
Napolitana iz peći na drva,Novi Sad,,
Kineski restoran Ming,Novi Sad,,
Sami grill,Novi Sad,,
Gyros Debeli Mačak,Novi Sad,,
Rostilj kod Braleta,Novi Sad,,
La forza,Novi Sad,,
The Nook,Novi Sad,,
MIG - Margherita & Gelato,Novi Sad,,
Restoran Vitraž,Novi Sad,,
Fish house Deep Blue,Novi Sad,,
JAMON,Novi Sad,,
Kapija Srema,Novi Sad,,
Fresh Food,Novi Sad,,
Jiggie's,Novi Sad,,
Mystico,Novi Sad,,
Gluten Morgen,Novi Sad,,
Top priča,Novi Sad,,
San Pizzerino,Novi Sad,,
GRIC,Novi Sad,,
Libero Pizza,Novi Sad,,
Gastro užitak,Novi Sad,,
Poslastičarnica Cimet,Novi Sad,,
Sarajevski ćevap Temerinska,Novi Sad,,
SABBIADORO,Novi Sad,,
Pivnica Gusan,Novi Sad,,
Laganini Bar,Novi Sad,,
Noodle Factory,Novi Sad,,
Mila Asian Bistro,Novi Sad,,
Kjoto Sushi i Poke,Novi Sad,,
Pizzeria Pepperoni,Novi Sad,,
Шећер | Šećer palačinkarnica,Novi Sad,,
Palačinkarnica Pinokio NS,Novi Sad,,
Big Chicken Grill,Novi Sad,,
"Fit By Hero
Bez glutena",Novi Sad,,
Buffalo Pizza,Novi Sad,,
Stefanello palačinke,Novi Sad,,
Boom Šiš NS,Novi Sad,,
Za moju dušu Novi Sad,Novi Sad,,
Macchiato Giro,Novi Sad,,
Haslers,Novi Sad,,
Urban Liman mix food,Novi Sad,,
Restaurant & Pizzeria Savoca,Novi Sad,,
ANĐELA KETERING,Novi Sad,,
Bossi Detelinara,Novi Sad,,
Pepper Restaurant & Bar,Novi Sad,,
Mr.Bo,Novi Sad,,
Zlatni štapić,Novi Sad,,
Lamiragen Caffe,Novi Sad,,
ĆEVAP BAR ISKON,Novi Sad,,
The R Pub,Novi Sad,,
TORTILJAZZZ 28,Novi Sad,,
Pupin Lounge & Bar Novi Sad,Novi Sad,,
Fortuna 021,Novi Sad,,
Tokio Sushi,Novi Sad,,
Ananda Vegan Restaurant,Novi Sad,,
La Torcia,Novi Sad,,
La Tvorza Podbara,Novi Sad,,
Smash Burgers Mafia,Novi Sad,,
Sunrice Sushi Novi Sad,Novi Sad,,
Juliet Bar & Restaurant,Novi Sad,,
CHICKEN BANANA WINGS,Novi Sad,,
Foody Promenada,Novi Sad,,
Točionica,Novi Sad,,
Azijski Restoran - Jinhua,Novi Sad,,
Zbir Premium Burgeri,Novi Sad,,
Oliva pizza & salad bar,Novi Sad,,
Dedina Tajna,Novi Sad,,
Nezza Pizza,Novi Sad,,
TO! Smash Burger,Novi Sad,,
Giromania,Novi Sad,,
Green Planet,Novi Sad,,
ZOET PALAČINKE,Novi Sad,,
Restoran Fortuna,Novi Sad,,
Marosejka,Novi Sad,,
Bolje pizza nego gibanica,Novi Sad,,
"ZdravoRazum BEZ ŠEĆERA, BEZ GLUTENA",Novi Sad,,
Stellina Novi Sad,Novi Sad,,
Milky NS,Novi Sad,,
Fast Food Lola,Novi Sad,,
Mima's Fit&Sit,Novi Sad,,
Mamma Mia!,Novi Sad,,
Gurmanski kutak,Novi Sad,,
Restoran NOTA,Novi Sad,,
Açai Sorbet,Novi Sad,,
Burgerana,Novi Sad,,
Kantina Bistro,Novi Sad,,
Gostiona KOD CRNOG PETLA,Novi Sad,,
LOFT Downtown,Novi Sad,,
Crveni Zmaj 021,Novi Sad,,
Ribanja Gyro Fish,Novi Sad,,
Marina Gastro Pub,Novi Sad,,
Concept Relax,Novi Sad,,
The Porch,Novi Sad,,
Remek Jelo,Novi Sad,,
Livorno,Novi Sad,,
Pileće krilce Lale,Novi Sad,,
Restoran Tradicija ns,Novi Sad,,
Victory,Novi Sad,,
Tija Pastry&Gelato Shop,Novi Sad,,
Gradska pivnica,Novi Sad,,
Mario's Pizzeria & Bar,Novi Sad,,
Norma's Burger & Sandwiches,Novi Sad,,
Žar Mance Novi Sad,Novi Sad,,
De Gusto,Novi Sad,,
Palačinkarnica Nirvana,Novi Sad,,
Palačinkarnica Miki Maus,Novi Sad,,
Restoran Lenta,Novi Sad,,
Naš Restoran & concept bar,Novi Sad,,
Roštilj Bucka,Novi Sad,,
Pizza Kvart,Novi Sad,,
Pastai,Novi Sad,,
Ambasador,Novi Sad,,
Kod Brke,Novi Sad,,
Dobri dim,Novi Sad,,
Kao Nekad,Novi Sad,,
Pizza Boom Plus,Novi Sad,,
Koncept coffee & food,Novi Sad,,
Ćevabdžinica Biber,Novi Sad,,
Kuhinjica,Novi Sad,,
Zbir krilca & rebarca,Novi Sad,,
Astal,Novi Sad,,
Stribor food  & more,Novi Sad,,
Ditay Kineski restoran,Novi Sad,,
Restoran Gozo,Novi Sad,,
Restoran Fontana,Novi Sad,,
Hog Pub,Novi Sad,,
Trizza Pizza,Novi Sad,,
Koliba Limanac,Novi Sad,,
Castello,Novi Sad,,
Garden Pizza & Salad Bar,Novi Sad,,
Pasta bar Luta,Novi Sad,,
Krafter burger,Novi Sad,,
Domaćinska klopa,Novi Sad,,
Restoran Dvor NS,Novi Sad,,
Galerija Coffe & Food bar,Novi Sad,,
Fast Food Gozo,Novi Sad,,
Porta Aperta Pizza,Novi Sad,,
Konoba Riba ribi grize rep,Novi Sad,,
Beef House,Novi Sad,,
Nolita Pizza,Novi Sad,,
Lazy Burger,Novi Sad,,
Petrosa coffee & food,Novi Sad,,
Pic-Pic,Novi Sad,,
Magaza Gril,Novi Sad,,
Bačka Ravnica,Novi Sad,,
Sushi.Me,Novi Sad,,
Obelix Grill,Novi Sad,,
Vremeplov,Novi Sad,,
"Kec Palačinke, Telep",Novi Sad,,
LIBERTA COFFE FOOD,Novi Sad,,
Piccante,Novi Sad,,
Ninina Trpeza,Novi Sad,,
Favorit,Novi Sad,,
Brunch lounge Promenada,Novi Sad,,
Dizni palačinkarnica,Novi Sad,,
Atomac,Novi Sad,,
Priča concept bar,Novi Sad,,
WOK & SMOKE,Novi Sad,,
Green House & Sweets Box,Novi Sad,,
Kod Duške,Novi Sad,,
New Now Nuggets 2,Novi Sad,,
Fry Factory 2,Novi Sad,,
Kuća Kobasice Trg Republike,Novi Sad,,
Caribic Pizza Carice Milice,Novi Sad,,
Chicken Chill,Novi Sad,,
URBAN BITES NOVI SAD,Novi Sad,,
La Tvorza Klisa,Novi Sad,,
BigPizza Novi Sad +,Novi Sad,,
Grm food,Novi Sad,,
Caribic Pizza Jevrejska,Novi Sad,,
Šiš Zona,Novi Sad,,
Bubble waffle gelato,Novi Sad,,
Sushirrito Brace Ribnikar,Novi Sad,,
9EVETKA KUVANA JELA,Novi Sad,,
Tortilla Casa Novi Sad,Novi Sad,,
KFC Big Fashion,Novi Sad,,
Index Mirjana Maksima Gorkog,Novi Sad,,
Studio Shawarma Big Fashion,Novi Sad,,
Hawaii Poke,Novi Sad,,
Agi Pasta Away - Danila Kiša,Novi Sad,,
LOFT Minaqua,Novi Sad,,
Bossi Veternik,Novi Sad,,
Index Mirjana Centar,Novi Sad,,
Walter Big Fashion Novi Sad,Novi Sad,,
McDonald's Nepi,Novi Sad,,
Gondola,Novi Sad,,
McDonald's BIG Cee,Novi Sad,,
Berlin Doner Kebab (Jevrejska),Novi Sad,,
Zarićev vajat Detelinara,Novi Sad,,
Kamion garaža - Kamion Food Truck,Novi Sad,,
Kombinat Food,Novi Sad,,
Bossi Liman,Novi Sad,,
Kofilin Novi Sad,Novi Sad,,
La Tvorza Detelinara,Novi Sad,,
Sarajevski ćevap Kod Dakca - Bul.P.Pavla,Novi Sad,,
Coffeedream Futoški put,Novi Sad,,
Burrito Madre Novi Sad,Novi Sad,,
Ognjište – Roštilj na kilo iz Leskovac,Novi Sad,,
Rekalibracija Liman,Novi Sad,,
Kuća Kobasice,Novi Sad,,
Terasa,Novi Sad,,
Libero Pizza 2,Novi Sad,,
Index Mirjana Sajam,Novi Sad,,
Giros Land,Novi Sad,,
Smash&Pulled,Novi Sad,,
Kofilin Coffee & Brunch,Novi Sad,,
Poppy Food,Novi Sad,,
Spot,Novi Sad,,
Krilce i Pivce Futoška,Novi Sad,,
Haslers Centar 2,Novi Sad,,
Loft Rooftop,Novi Sad,,
Index Šestica After,Novi Sad,,
Grekos Giros,Novi Sad,,
Favola Smash Burgers Novi Sad,Novi Sad,,
Index šestica Petrovaradin,Novi Sad,,
GYROS BOKI 02,Novi Sad,,
Bata Pežo,Novi Sad,,
Red Wings,Kragujevac,,
Saint Kragujevac,Kragujevac,,
Pink Ćevabdžinice,Kragujevac,,
Restoran Sunce,Kragujevac,,
Giros kod dva brata,Kragujevac,,
SPLINTER PIZZERIA,Kragujevac,,
Vukas,Kragujevac,,
Kod Krsmana,Kragujevac,,
Palačinkarnica Pi.. M,Kragujevac,,
Vega Food Store,Kragujevac,,
Popaj Gyros ,Kragujevac,,
Skara by Red Wings,Kragujevac,,
Capri fast food 'n' Pizza,Kragujevac,,
McDonald's Plaza,Kragujevac,,
Healthy by Sunce,Kragujevac,,
Pasta by Red Wings,Kragujevac,,
Cafeteria Salvador,Kragujevac,,
Druga dimenzija,Kragujevac,,
San Andreas,Kragujevac,,
Do Jaja,Kragujevac,,
Picerija Trag 2025,Kragujevac,,
Great Wall Chinese Restaurant,Kragujevac,,
Pizza Slice Mania,Kragujevac,,
Palačinka bar Lulučinke,Kragujevac,,
Grom Pizza,Kragujevac,,
KFC Kragujevac,Kragujevac,,
101 Burger House,Kragujevac,,
Klub 3,Kragujevac,,
Idzuo,Kragujevac,,
Crown Cafe & Restaurant,Kragujevac,,
Walter Big Fashion Kragujevac,Kragujevac,,
Mali Leskovac Kragujevac,Kragujevac,,
Hazard 101 Kitchen & Bar,Kragujevac,,
Grill Motta - Toto Motta,Kragujevac,,
Bamboos Restoran,Kragujevac,,
IZI PIZI Salad Bar,Kragujevac,,
Soprano ,Kragujevac,,
Toro Kg,Kragujevac,,
Popaj,Kragujevac,,
Giros by Hood Food,Kragujevac,,
Tasty Box palačinkarnica,Kragujevac,,
Food Factory,Kragujevac,,
Pepito Pizza,Kragujevac,,
Urban Sandwich Bar,Kragujevac,,
Chef no.1,Kragujevac,,
Gurman Mala Vaga,Kragujevac,,
Green House Coffee Kragujevac,Kragujevac,,
Istanbul House,Kragujevac,,
SPUD BOY,Kragujevac,,
Žar Mance Veliki Park,Kragujevac,,
Panda sushi Kragujevac,Kragujevac,,
Terminal 7,Kragujevac,,
Dolce Vita,Kragujevac,,
Lagani Poh,Kragujevac,,
Coffeedream Centar,Kragujevac,,
Hood Food KG,Kragujevac,,
Pečenjara Stara Zvezda,Kragujevac,,
Stara Srbija,Kragujevac,,
Plavi Bik Kragujevac,Kragujevac,,
Srce palačinke,Kragujevac,,
Čudesa Brza Hrana,Kragujevac,,
Angel & Devil ,Kragujevac,,
Restoran Kano,Kragujevac,,
Buca Ketering,Kragujevac,,
Lazaro Pizza Bar,Kragujevac,,
Obelix,Kragujevac,,
Kafeterija Kragujevac,Kragujevac,,
Napravi Sam,Kragujevac,,
Ketering-S,Kragujevac,,
Ekipizza,Kragujevac,,
Gastro Rooftop,Kragujevac,,
Pljeskovac,Kragujevac,,
The Ambassador House,Kragujevac,,
District 034 ,Kragujevac,,
PIZZASTATION,Kragujevac,,
Korzo 1924,Kragujevac,,
Picasso Pizzeria & Caffe,Kragujevac,,
Samo Izvolte ,Kragujevac,,
Smash Factory,Kragujevac,,
Moj Sendvič,Kragujevac,,
Burrito Madre TC BIG Kragujevac,Kragujevac,,
Šaranče Plus,Kragujevac,,
Smash burger's by IDZUO,Kragujevac,,
Krofna bar,Kragujevac,,
Roštilj kod Mate Šumarice,Kragujevac,,
Pekara kod Mareta,Kragujevac,,
Restoran Lovac KG,Kragujevac,,
Gyros & Joe by Obelix,Kragujevac,,
Bravo Grill,Kragujevac,,
Stari Lisac,Kragujevac,,
Pizzeria Leone,Kragujevac,,
Kafemat 27,Kragujevac,,
CoffeePub,Kragujevac,,
Tri a ekstra,Kragujevac,,
SMART Food,Kragujevac,,
Palačinke by Zavičaj,Kragujevac,,
Di Fretta,Kragujevac,,
Spice | Kragujevac,Kragujevac,,
Pizza by IDZUO,Kragujevac,,
Konoba Akustik Kragujevac,Kragujevac,,
Sputnik 1957,Kragujevac,,
Sumadijski Lonac,Kragujevac,,
Mljacko 3 - Park,Kragujevac,,
Gradska Kafana Paligorić,Kragujevac,,
Porodično Blago,Kragujevac,,
Čar Mesa Fast Food,Kragujevac,,
Merak,Kragujevac,,
Stari Kraguj,Kragujevac,,
Kafemat 27  Pizza Bar,Kragujevac,,
Kafana Balkan,Kragujevac,,
Tango Pub,Kragujevac,,
Klasa Since 2024,Kragujevac,,
Hotel Zelengora,Kragujevac,,
Pizza Favola,Kragujevac,,
Dunja,Kragujevac,,
Picador,Kragujevac,,
Restoran Oranica,Kragujevac,,
Pizzeterija,Kragujevac,,
Pizza Purinac,Kragujevac,,
Margarita Bar KG,Kragujevac,,
Biblioteka Kod Milutina,Kragujevac,,
Matilda,Kragujevac,,
Restoran Pevac KG,Kragujevac,,
Industrial,Kragujevac,,
Teki M,Kragujevac,,
Bezglutenac,Kragujevac,,
Mademoiselle,Kragujevac,,
Zavičaj 034,Kragujevac,,
Tapas by Manufaktura,Kragujevac,,
Red Wings +,Kragujevac,,
Mljacko 6 - Bolnica,Kragujevac,,
Mljacko 1 - Medicinska,Kragujevac,,
Mljacko 5 - Aerodrom,Kragujevac,,
Coffeedream BIG,Kragujevac,,
Restoran Čar Mesa,Kragujevac,,
Pasta by Red Wings +,Kragujevac,,
